-- phpMyAdmin SQL Dump
-- version 5.0.2
-- https://www.phpmyadmin.net/
--
-- Servidor: 127.0.0.1
-- Tiempo de generación: 04-07-2020 a las 04:55:11
-- Versión del servidor: 10.4.11-MariaDB
-- Versión de PHP: 7.4.6

SET SQL_MODE = "NO_AUTO_VALUE_ON_ZERO";
START TRANSACTION;
SET time_zone = "+00:00";


/*!40101 SET @OLD_CHARACTER_SET_CLIENT=@@CHARACTER_SET_CLIENT */;
/*!40101 SET @OLD_CHARACTER_SET_RESULTS=@@CHARACTER_SET_RESULTS */;
/*!40101 SET @OLD_COLLATION_CONNECTION=@@COLLATION_CONNECTION */;
/*!40101 SET NAMES utf8mb4 */;

--
-- Base de datos: `apiecommerce`
--

-- --------------------------------------------------------

--
-- Estructura de tabla para la tabla `failed_jobs`
--

CREATE TABLE `failed_jobs` (
  `id` bigint(20) UNSIGNED NOT NULL,
  `connection` text COLLATE utf8mb4_unicode_ci NOT NULL,
  `queue` text COLLATE utf8mb4_unicode_ci NOT NULL,
  `payload` longtext COLLATE utf8mb4_unicode_ci NOT NULL,
  `exception` longtext COLLATE utf8mb4_unicode_ci NOT NULL,
  `failed_at` timestamp NOT NULL DEFAULT current_timestamp()
) ENGINE=InnoDB DEFAULT CHARSET=utf8mb4 COLLATE=utf8mb4_unicode_ci;

-- --------------------------------------------------------

--
-- Estructura de tabla para la tabla `migrations`
--

CREATE TABLE `migrations` (
  `id` int(10) UNSIGNED NOT NULL,
  `migration` varchar(255) COLLATE utf8mb4_unicode_ci NOT NULL,
  `batch` int(11) NOT NULL
) ENGINE=InnoDB DEFAULT CHARSET=utf8mb4 COLLATE=utf8mb4_unicode_ci;

--
-- Volcado de datos para la tabla `migrations`
--

INSERT INTO `migrations` (`id`, `migration`, `batch`) VALUES
(1, '2014_10_12_000000_create_users_table', 1),
(2, '2014_10_12_100000_create_password_resets_table', 1),
(3, '2019_08_19_000000_create_failed_jobs_table', 1),
(4, '2020_07_03_180933_create_products_table', 1),
(5, '2020_07_03_181240_create_reviews_table', 1);

-- --------------------------------------------------------

--
-- Estructura de tabla para la tabla `password_resets`
--

CREATE TABLE `password_resets` (
  `email` varchar(255) COLLATE utf8mb4_unicode_ci NOT NULL,
  `token` varchar(255) COLLATE utf8mb4_unicode_ci NOT NULL,
  `created_at` timestamp NULL DEFAULT NULL
) ENGINE=InnoDB DEFAULT CHARSET=utf8mb4 COLLATE=utf8mb4_unicode_ci;

-- --------------------------------------------------------

--
-- Estructura de tabla para la tabla `products`
--

CREATE TABLE `products` (
  `id` int(10) UNSIGNED NOT NULL,
  `name` varchar(255) COLLATE utf8mb4_unicode_ci NOT NULL,
  `detail` text COLLATE utf8mb4_unicode_ci NOT NULL,
  `price` int(11) NOT NULL,
  `stock` int(11) NOT NULL,
  `discount` int(11) NOT NULL,
  `created_at` timestamp NULL DEFAULT NULL,
  `updated_at` timestamp NULL DEFAULT NULL
) ENGINE=InnoDB DEFAULT CHARSET=utf8mb4 COLLATE=utf8mb4_unicode_ci;

--
-- Volcado de datos para la tabla `products`
--

INSERT INTO `products` (`id`, `name`, `detail`, `price`, `stock`, `discount`, `created_at`, `updated_at`) VALUES
(1, 'ullam', 'Aut dolor beatae fugiat sunt. Impedit libero quasi quia consectetur voluptatum natus. Tempora totam voluptatem vel. Ab iusto quia beatae est ex.', 568, 7, 15, '2020-07-04 05:50:20', '2020-07-04 05:50:20'),
(2, 'delectus', 'Non officiis a labore repellat voluptas quasi. Qui ut adipisci maxime aut ea rerum rerum. Error quos atque ducimus voluptas id dolorum. Et provident assumenda autem eos iste.', 381, 4, 21, '2020-07-04 05:50:20', '2020-07-04 05:50:20'),
(3, 'laborum', 'Cupiditate et exercitationem minus est cupiditate. Voluptas vero voluptas optio cum. Aut dicta harum quasi libero sit placeat.', 867, 0, 18, '2020-07-04 05:50:20', '2020-07-04 05:50:20'),
(4, 'nobis', 'Non voluptatem odio dolorum hic. Distinctio in tempore voluptates in illo ut quos odit. Perferendis eius corrupti corrupti necessitatibus assumenda officia.', 468, 0, 6, '2020-07-04 05:50:20', '2020-07-04 05:50:20'),
(5, 'rerum', 'Vero tempora fugiat fugiat perferendis. Dolor beatae temporibus dignissimos sapiente officia doloremque. Voluptas possimus voluptate laboriosam sit illo dignissimos modi et. Inventore officiis accusantium nostrum inventore maxime.', 962, 0, 18, '2020-07-04 05:50:20', '2020-07-04 05:50:20'),
(6, 'cupiditate', 'Est animi fugit sit qui. Eaque autem repellendus sit voluptatibus. Ipsum quia quasi corporis aut vero pariatur ab. Et exercitationem ipsam dolorem quo sed quis ullam. Omnis reiciendis vel neque temporibus et aut quisquam odit.', 922, 0, 17, '2020-07-04 05:50:20', '2020-07-04 05:50:20'),
(7, 'vel', 'Voluptate ipsum maiores nobis facere natus quia ipsa. Beatae quam dicta praesentium qui. Tempore velit odit vero ea quo animi. Harum natus architecto maxime reprehenderit rerum.', 299, 5, 25, '2020-07-04 05:50:20', '2020-07-04 05:50:20'),
(8, 'expedita', 'Cumque eius harum id dignissimos tempora accusamus dicta. Id magni sit ut accusantium voluptatibus. Ab consequatur quos beatae quae culpa a. Nemo est odio sit aut officia et cum. Harum eum natus autem.', 824, 6, 13, '2020-07-04 05:50:20', '2020-07-04 05:50:20'),
(9, 'illum', 'Asperiores sed sed aut aut. Vel quasi quasi fugit a ut. Nam qui necessitatibus vitae molestias consequuntur. Et quia suscipit perspiciatis autem tempore iste minus sed.', 653, 4, 29, '2020-07-04 05:50:20', '2020-07-04 05:50:20'),
(10, 'rerum', 'Consequatur quos iste id doloribus accusamus quia saepe. Numquam autem sint inventore ut omnis. Veniam mollitia dolore aut quia.', 479, 0, 27, '2020-07-04 05:50:20', '2020-07-04 05:50:20'),
(11, 'ullam', 'Earum ut praesentium illo eaque ipsam rerum veritatis molestiae. Ea hic libero consequatur sequi dolores et quidem.', 384, 7, 9, '2020-07-04 05:50:20', '2020-07-04 05:50:20'),
(12, 'fugit', 'Sit culpa voluptate aliquam quibusdam. A odio in at blanditiis. Repellendus et et ut et. Inventore vitae et deserunt illo nemo alias reiciendis. Ipsam debitis sapiente voluptatem dolorum nesciunt maiores facilis.', 574, 1, 16, '2020-07-04 05:50:20', '2020-07-04 05:50:20'),
(13, 'ipsam', 'Cupiditate maiores corrupti ut amet. Et ut dolor in fuga sit. Sint sunt esse nam consectetur. Repudiandae sit neque accusamus illo voluptatum consequatur.', 153, 3, 27, '2020-07-04 05:50:20', '2020-07-04 05:50:20'),
(14, 'aut', 'Exercitationem porro animi et officiis. Voluptate deleniti et ab.', 453, 9, 19, '2020-07-04 05:50:20', '2020-07-04 05:50:20'),
(15, 'distinctio', 'Labore libero possimus placeat accusantium consequatur provident ullam. Itaque iusto nihil facilis molestiae libero minus. Modi quod quasi accusamus eum omnis sint.', 369, 0, 7, '2020-07-04 05:50:20', '2020-07-04 05:50:20'),
(16, 'aspernatur', 'Placeat placeat illum sed provident nulla. Dicta aut iste natus ipsam sunt ut est.', 274, 8, 5, '2020-07-04 05:50:20', '2020-07-04 05:50:20'),
(17, 'ipsam', 'Consectetur quibusdam excepturi et. Quis nobis non porro. Iste fuga libero numquam necessitatibus consequatur. Totam ut rem iure earum quas quam.', 271, 2, 17, '2020-07-04 05:50:20', '2020-07-04 05:50:20'),
(18, 'voluptas', 'Officia delectus odio ut atque asperiores numquam modi. Est facilis rerum mollitia expedita perferendis aliquid. Quam libero officia velit placeat.', 151, 0, 9, '2020-07-04 05:50:20', '2020-07-04 05:50:20'),
(19, 'praesentium', 'Nihil fugiat dolor voluptatem ex. Beatae voluptatem eaque debitis voluptas ab aut. Impedit molestiae non velit voluptate ut numquam. Dignissimos error praesentium aliquid molestiae impedit quibusdam.', 914, 4, 19, '2020-07-04 05:50:20', '2020-07-04 05:50:20'),
(20, 'laboriosam', 'Natus quas itaque ea debitis laborum. Ut labore earum possimus laudantium. Praesentium sunt sunt ratione doloribus id eum. Officiis aut et enim molestias.', 175, 6, 26, '2020-07-04 05:50:20', '2020-07-04 05:50:20'),
(21, 'ea', 'In architecto sapiente omnis explicabo nam molestias unde. Voluptatem et aut facilis inventore qui doloribus.', 596, 9, 26, '2020-07-04 05:50:20', '2020-07-04 05:50:20'),
(22, 'perferendis', 'Corporis id iste ratione ea doloremque. Deleniti dignissimos dolorem aspernatur omnis quis officia reprehenderit blanditiis. Aut a dolor laboriosam recusandae. Enim unde odit et voluptatem quidem omnis aperiam.', 164, 3, 2, '2020-07-04 05:50:20', '2020-07-04 05:50:20'),
(23, 'dolorem', 'Magni eum eveniet facilis nobis. Ratione saepe dolorum quisquam atque ab. Nostrum nostrum minus aperiam veritatis facilis nesciunt fugiat.', 487, 2, 9, '2020-07-04 05:50:20', '2020-07-04 05:50:20'),
(24, 'delectus', 'Vel ea beatae quia et. Ut est tempore nostrum ratione unde voluptatem et.', 100, 1, 5, '2020-07-04 05:50:20', '2020-07-04 05:50:20'),
(25, 'et', 'Deleniti iure ut voluptas distinctio est consequatur exercitationem. Est expedita dolorem nobis illo in beatae ut. Nesciunt rem quae velit consequatur repudiandae consequuntur.', 513, 9, 2, '2020-07-04 05:50:20', '2020-07-04 05:50:20'),
(26, 'aperiam', 'Earum in autem ipsam ipsa adipisci. Quibusdam vitae officiis ipsa facere sunt eum. Vitae dolor exercitationem explicabo in.', 413, 2, 20, '2020-07-04 05:50:20', '2020-07-04 05:50:20'),
(27, 'expedita', 'Aperiam reiciendis cum temporibus modi voluptates eos. Voluptatem nostrum ducimus soluta.', 477, 4, 27, '2020-07-04 05:50:20', '2020-07-04 05:50:20'),
(28, 'odit', 'Aut accusantium nostrum qui temporibus assumenda quis. Ad consequatur velit ea ducimus incidunt est. Minus molestiae qui facilis labore. Quam accusamus eveniet voluptatem possimus quae omnis.', 171, 7, 27, '2020-07-04 05:50:20', '2020-07-04 05:50:20'),
(29, 'ducimus', 'Accusantium rerum voluptatem quis facere. Nulla sunt voluptate pariatur. Nobis nemo eligendi a et corrupti distinctio.', 914, 5, 9, '2020-07-04 05:50:20', '2020-07-04 05:50:20'),
(30, 'tempora', 'Molestias sed dolores eos tenetur reiciendis provident. Ea et sed labore voluptates corrupti atque. Modi ut suscipit nulla accusantium libero temporibus. Reiciendis ea eligendi vel in amet. Ut ut non saepe accusamus repellat sit.', 170, 5, 30, '2020-07-04 05:50:20', '2020-07-04 05:50:20'),
(31, 'minus', 'Doloribus molestiae dolorem reprehenderit consequuntur. Odio nisi fuga voluptatem autem deserunt at. Excepturi vel et pariatur voluptate. Nostrum enim voluptatem nostrum sunt qui consequatur rem nulla.', 361, 4, 10, '2020-07-04 05:50:20', '2020-07-04 05:50:20'),
(32, 'dolores', 'Beatae qui aliquid nemo excepturi consequatur explicabo et. Rem unde accusamus autem impedit excepturi. Qui debitis voluptas quidem occaecati.', 359, 1, 12, '2020-07-04 05:50:20', '2020-07-04 05:50:20'),
(33, 'tempora', 'Eligendi aut ipsa qui nihil. Reprehenderit doloremque architecto quo cupiditate sit culpa. Et labore unde mollitia ad ut. Dolorum eum esse quam quaerat.', 424, 7, 10, '2020-07-04 05:50:20', '2020-07-04 05:50:20'),
(34, 'sunt', 'Esse dolores libero odit minus. Quasi inventore nemo error ratione odio qui ea sequi. Ut dignissimos quidem ullam itaque est voluptas. Ratione non eum voluptas vitae.', 926, 5, 23, '2020-07-04 05:50:20', '2020-07-04 05:50:20'),
(35, 'numquam', 'Ea tempore vero et. Vel assumenda quos eos dolorem enim ea sunt. Enim autem harum quasi. Voluptas eos quasi sit officiis.', 306, 1, 14, '2020-07-04 05:50:20', '2020-07-04 05:50:20'),
(36, 'ut', 'Et id provident omnis nihil voluptas eveniet. Labore harum qui error quis mollitia vitae ducimus. Quo eos praesentium et maiores ut excepturi.', 327, 5, 19, '2020-07-04 05:50:20', '2020-07-04 05:50:20'),
(37, 'minima', 'Quae repudiandae fugiat corporis consequatur. Nostrum omnis itaque similique laudantium. At reiciendis a et est.', 823, 3, 11, '2020-07-04 05:50:20', '2020-07-04 05:50:20'),
(38, 'dolores', 'Aliquid tempora mollitia et optio nisi facere alias. Modi deserunt tempore quam consequuntur. Iure impedit nisi blanditiis occaecati.', 763, 4, 16, '2020-07-04 05:50:20', '2020-07-04 05:50:20'),
(39, 'aperiam', 'Ipsum repellendus sunt id doloribus et molestiae nesciunt. Ut harum reiciendis aut est. Dolor eveniet ea dicta est harum quaerat consequatur. Neque nam dolorum officia ea modi.', 767, 3, 23, '2020-07-04 05:50:20', '2020-07-04 05:50:20'),
(40, 'officiis', 'Atque ut rerum quod id. Magni quia enim asperiores ducimus illum. Incidunt sit in rem maiores quibusdam harum veritatis.', 700, 0, 28, '2020-07-04 05:50:20', '2020-07-04 05:50:20'),
(41, 'neque', 'Qui doloremque consequatur voluptas aut et ea qui. Quos ipsa totam dolor quam autem. Quis illo praesentium et at et.', 438, 5, 25, '2020-07-04 05:50:20', '2020-07-04 05:50:20'),
(42, 'sequi', 'Quia ut beatae et occaecati consequatur. Asperiores illo quia sint necessitatibus. Voluptate a nobis eveniet maxime quo autem esse. Doloremque nulla ut voluptatem quos ut molestiae earum rem.', 285, 0, 13, '2020-07-04 05:50:20', '2020-07-04 05:50:20'),
(43, 'placeat', 'In vel rerum dicta optio libero. Qui consequatur hic animi et voluptatem. Ex et sed sed illo maxime dolores dolor.', 154, 0, 26, '2020-07-04 05:50:20', '2020-07-04 05:50:20'),
(44, 'commodi', 'Sit sed qui cumque molestiae nesciunt qui. Harum qui laudantium ut. Et sunt omnis minima est voluptate.', 468, 1, 21, '2020-07-04 05:50:20', '2020-07-04 05:50:20'),
(45, 'qui', 'Omnis sint explicabo aut tenetur ducimus. Officia sit illo aliquid ex numquam ea ut.', 171, 0, 13, '2020-07-04 05:50:20', '2020-07-04 05:50:20'),
(46, 'autem', 'Optio unde earum ipsa aperiam aut. Incidunt odit minus consectetur deleniti. Dolor aliquid dolores iure accusamus. Nobis ipsum voluptates alias vero fugiat natus autem.', 123, 0, 29, '2020-07-04 05:50:20', '2020-07-04 05:50:20'),
(47, 'sit', 'Maxime amet quia illum assumenda. Provident accusamus corrupti ullam rerum. Ut odio velit sequi.', 609, 8, 22, '2020-07-04 05:50:20', '2020-07-04 05:50:20'),
(48, 'nesciunt', 'Delectus a enim non dolorem est quia quasi. Eum temporibus quaerat ab reprehenderit soluta. Quibusdam libero modi reprehenderit blanditiis asperiores deserunt eaque. Doloremque officiis ipsa magnam sunt sunt.', 673, 4, 16, '2020-07-04 05:50:20', '2020-07-04 05:50:20'),
(49, 'et', 'Et ipsa voluptatem ab animi velit et nihil. Saepe exercitationem laudantium quo voluptatibus est ut labore. Sit voluptatem voluptatem molestias.', 752, 6, 2, '2020-07-04 05:50:20', '2020-07-04 05:50:20'),
(50, 'sit', 'Repellat id dolor eligendi culpa. Id deserunt dignissimos fugiat perferendis officia sed. Quas voluptatem velit sed exercitationem nemo ipsa sint.', 625, 1, 23, '2020-07-04 05:50:20', '2020-07-04 05:50:20'),
(51, 'ipsam', 'Molestiae qui corrupti reiciendis debitis ullam. Fuga dignissimos eveniet est nisi dicta. Maxime aliquid qui ipsa incidunt et eveniet. Labore a sed et iste non minus suscipit.', 971, 7, 12, '2020-07-04 05:50:45', '2020-07-04 05:50:45'),
(52, 'totam', 'Adipisci quos qui atque cupiditate. Qui repellendus aliquid pariatur et fugit corporis consequatur. Qui repellat nesciunt quis cupiditate aut quia distinctio officia. Enim ea tempora excepturi illo voluptas qui omnis.', 867, 5, 30, '2020-07-04 05:50:45', '2020-07-04 05:50:45'),
(53, 'consequatur', 'Repellat dignissimos quia sit quasi et. Perferendis iusto veniam cumque aliquid consequuntur eum. Consequuntur voluptatem dolor a laboriosam. Non omnis tenetur magni saepe.', 398, 3, 26, '2020-07-04 05:50:45', '2020-07-04 05:50:45'),
(54, 'aspernatur', 'Iste qui illum adipisci rerum. Nulla voluptas nihil blanditiis. Incidunt consequatur facere rerum consequatur ipsum voluptatum voluptas. Consequatur reiciendis et quae amet asperiores omnis.', 543, 3, 2, '2020-07-04 05:50:45', '2020-07-04 05:50:45'),
(55, 'eveniet', 'Facere dolorem nihil sint non natus. Voluptatibus veritatis voluptates voluptas molestiae. Corrupti delectus qui sapiente porro aut beatae. Possimus quia cupiditate a delectus sequi ipsum voluptatibus velit.', 478, 8, 22, '2020-07-04 05:50:45', '2020-07-04 05:50:45'),
(56, 'debitis', 'Ut blanditiis amet soluta eligendi. Quidem possimus fugiat quam et quod quibusdam.', 714, 2, 17, '2020-07-04 05:50:45', '2020-07-04 05:50:45'),
(57, 'cum', 'Pariatur quia occaecati nihil eos neque. Vitae culpa sint harum nihil qui dignissimos qui aliquam. Cum minus atque rerum id. Accusantium doloribus voluptatum asperiores vitae itaque.', 650, 7, 22, '2020-07-04 05:50:45', '2020-07-04 05:50:45'),
(58, 'deleniti', 'Accusamus veniam repellendus eveniet totam maxime voluptas quo. Ut praesentium maxime minima non et voluptatem voluptatibus et. Doloribus eum et mollitia. Cupiditate enim quidem ut. Ea aut minima eos ea eum sequi facilis nulla.', 898, 5, 10, '2020-07-04 05:50:45', '2020-07-04 05:50:45'),
(59, 'qui', 'Sed ut nihil tempore minima aut quo. Accusantium molestias impedit cupiditate quaerat aperiam.', 434, 9, 11, '2020-07-04 05:50:45', '2020-07-04 05:50:45'),
(60, 'voluptatum', 'Voluptas voluptatibus iste iusto. Sint et vitae eum. Modi occaecati qui quam sed odit voluptatem quia. Ipsum odio suscipit voluptatem vitae.', 941, 3, 4, '2020-07-04 05:50:45', '2020-07-04 05:50:45'),
(61, 'quisquam', 'Quod modi itaque sit dignissimos ut. Nobis quae et eveniet tenetur sequi. Quas eum deserunt fuga commodi rerum expedita laborum. Dolore qui voluptatem cupiditate earum ut repellat blanditiis.', 903, 4, 7, '2020-07-04 05:50:45', '2020-07-04 05:50:45'),
(62, 'eos', 'Sint quos rerum accusantium iste molestiae rerum assumenda. Commodi voluptatem excepturi aliquam. Eum enim est cumque corrupti velit autem architecto. Illo eos distinctio aut.', 590, 3, 29, '2020-07-04 05:50:45', '2020-07-04 05:50:45'),
(63, 'sunt', 'Veniam voluptas ducimus quo tenetur. Eum aperiam vero illo libero culpa et maiores. Iste nesciunt voluptatem facere numquam itaque molestias ut. Iusto veniam amet tempore in. Omnis optio porro aut fuga excepturi ullam aliquid.', 190, 8, 3, '2020-07-04 05:50:45', '2020-07-04 05:50:45'),
(64, 'qui', 'Qui similique id aliquid odio dolorum. Voluptas possimus ratione aliquid dolor aut nisi. Velit eos repellat quam ut iusto est sapiente. Ea quod quis rem provident.', 379, 4, 20, '2020-07-04 05:50:45', '2020-07-04 05:50:45'),
(65, 'deserunt', 'Repellendus voluptas deserunt aut illum. Suscipit aut enim error ut aliquam libero nobis animi. Blanditiis inventore sed pariatur. Quaerat non nihil qui et quo dolor quisquam.', 672, 9, 7, '2020-07-04 05:50:45', '2020-07-04 05:50:45'),
(66, 'voluptatem', 'Consequatur eius et dolorum. Qui alias reiciendis libero atque est est libero. Neque quos animi distinctio cupiditate facilis delectus at.', 364, 3, 16, '2020-07-04 05:50:45', '2020-07-04 05:50:45'),
(67, 'voluptas', 'Eos cumque dolor qui veritatis nam sunt quibusdam. Exercitationem omnis odit deleniti et. Cum est qui molestiae eligendi.', 661, 8, 2, '2020-07-04 05:50:45', '2020-07-04 05:50:45'),
(68, 'ut', 'Voluptas odit ratione odit dolorem ipsum voluptatem veritatis. Voluptatem voluptas perspiciatis velit laudantium. Enim optio tenetur et et impedit hic. Soluta est ab eveniet fuga eveniet. Mollitia ut iusto culpa possimus a.', 136, 8, 23, '2020-07-04 05:50:45', '2020-07-04 05:50:45'),
(69, 'tempora', 'Eum ratione nisi dolorem aliquid. Natus quo enim possimus itaque. Corrupti magni molestiae occaecati fugit. Officiis nostrum laboriosam voluptates tempora qui.', 541, 3, 30, '2020-07-04 05:50:45', '2020-07-04 05:50:45'),
(70, 'aut', 'Voluptate harum dolores eveniet nemo. Sed sunt voluptas error quam natus. Doloribus atque eveniet quod aperiam consequatur quia.', 413, 5, 11, '2020-07-04 05:50:45', '2020-07-04 05:50:45'),
(71, 'modi', 'Dicta ut dolores laboriosam eaque nemo. Enim nesciunt temporibus ut. Eligendi natus hic saepe cumque ea modi.', 822, 9, 18, '2020-07-04 05:50:45', '2020-07-04 05:50:45'),
(72, 'aut', 'Sapiente excepturi vitae sapiente deserunt. Veniam consectetur error amet. Modi et laboriosam architecto facere voluptate.', 117, 1, 20, '2020-07-04 05:50:45', '2020-07-04 05:50:45'),
(73, 'deserunt', 'Sit velit ad consequuntur reprehenderit assumenda sed voluptatem. Qui doloremque autem ab deserunt tempora sequi. Dolores omnis quidem a optio repellendus. Et ea ratione rerum modi dolor quis ipsam.', 506, 3, 16, '2020-07-04 05:50:45', '2020-07-04 05:50:45'),
(74, 'saepe', 'Ut recusandae qui illum in repellendus inventore qui. Dolores exercitationem quia maxime natus qui praesentium quia. Officiis similique adipisci laboriosam dolorum nostrum reprehenderit odit.', 919, 1, 5, '2020-07-04 05:50:45', '2020-07-04 05:50:45'),
(75, 'saepe', 'Aut autem et a cum ut ducimus perferendis. Quibusdam nemo amet labore magnam. Ipsum debitis tenetur voluptatem ex tempora. Praesentium repellat sed quasi dolorum.', 640, 0, 5, '2020-07-04 05:50:45', '2020-07-04 05:50:45'),
(76, 'possimus', 'Praesentium error sunt voluptatem incidunt alias. Nam dicta ea sed illo similique. Fugiat omnis expedita voluptas. Sapiente quibusdam qui ipsam et.', 424, 2, 2, '2020-07-04 05:50:45', '2020-07-04 05:50:45'),
(77, 'a', 'Vitae beatae tempora qui et et quo ut. Eum quod sed dolore error ut nulla. Alias qui quia unde delectus minima. Velit commodi non non dignissimos debitis.', 330, 0, 26, '2020-07-04 05:50:45', '2020-07-04 05:50:45'),
(78, 'facere', 'Ut voluptate enim corporis ab. Voluptatem itaque nam eaque autem accusamus et. Natus id necessitatibus dolorem. In ut rem reprehenderit odio. Rerum sint est veritatis odit nihil adipisci nihil.', 899, 1, 15, '2020-07-04 05:50:45', '2020-07-04 05:50:45'),
(79, 'aut', 'Perspiciatis rerum suscipit est. Odio quo provident adipisci molestiae. Earum dolore non magni repudiandae molestias.', 273, 8, 14, '2020-07-04 05:50:45', '2020-07-04 05:50:45'),
(80, 'quia', 'Dolores alias excepturi illum iure impedit id dolor reiciendis. Repudiandae mollitia eum incidunt sapiente dicta reiciendis laudantium. Minima aut rerum ut tempora ut vel voluptas.', 691, 3, 21, '2020-07-04 05:50:45', '2020-07-04 05:50:45'),
(81, 'est', 'Error soluta nostrum dolorem nam qui ut incidunt. Veniam impedit iusto culpa omnis voluptas fugiat voluptates quia. Voluptatem totam fuga enim. Inventore et eum voluptatem natus tenetur accusamus accusamus nihil.', 266, 5, 5, '2020-07-04 05:50:45', '2020-07-04 05:50:45'),
(82, 'reprehenderit', 'Magni sed deleniti aspernatur ut quisquam illo impedit. Ipsa eos et corrupti rerum aliquam. Sed fugiat suscipit ab dolorum.', 154, 0, 15, '2020-07-04 05:50:45', '2020-07-04 05:50:45'),
(83, 'impedit', 'Officia omnis dolorem facilis libero repellendus tempore. Amet molestiae odit quas. Odio veritatis reiciendis porro sit.', 601, 4, 3, '2020-07-04 05:50:45', '2020-07-04 05:50:45'),
(84, 'ad', 'Explicabo assumenda quos accusantium nihil. Illo sed rem et odio. Blanditiis neque omnis est id.', 393, 0, 24, '2020-07-04 05:50:45', '2020-07-04 05:50:45'),
(85, 'itaque', 'Dolor id suscipit aut. Aut deleniti ea quis officia saepe quisquam. Pariatur incidunt voluptates inventore. Impedit quia illo sed accusamus qui eum. Qui laborum error quo officia atque.', 786, 1, 16, '2020-07-04 05:50:45', '2020-07-04 05:50:45'),
(86, 'non', 'Est itaque dicta itaque occaecati sunt facilis accusamus. Fugiat facilis possimus necessitatibus. Neque exercitationem vero eveniet aut quae.', 941, 3, 19, '2020-07-04 05:50:45', '2020-07-04 05:50:45'),
(87, 'amet', 'Et quia sit modi. Inventore sed sit autem sunt. Qui voluptate mollitia ea ut autem quod voluptates autem. Asperiores maxime inventore temporibus pariatur. Et dolorem voluptatem enim ut numquam voluptatem voluptas.', 810, 3, 23, '2020-07-04 05:50:45', '2020-07-04 05:50:45'),
(88, 'et', 'Aperiam rerum quo dolor reprehenderit et animi. Nam ipsam aut et vel voluptatem delectus. Sit molestiae veniam ut et officia velit beatae. Praesentium in est et rerum.', 856, 0, 3, '2020-07-04 05:50:45', '2020-07-04 05:50:45'),
(89, 'voluptatem', 'Repellat aspernatur numquam iste quia veritatis. Et quia deleniti sit sunt eligendi. Esse omnis amet fugit dolores vel. Perferendis labore maxime vero saepe laudantium qui. Quia nulla vel quisquam tenetur.', 415, 6, 12, '2020-07-04 05:50:45', '2020-07-04 05:50:45'),
(90, 'vel', 'Dolor omnis commodi voluptas hic aut. Temporibus et voluptatem reprehenderit provident qui inventore aspernatur. Atque aliquid minus nobis quo minima quia.', 632, 5, 23, '2020-07-04 05:50:45', '2020-07-04 05:50:45'),
(91, 'sed', 'Quidem tempora beatae asperiores necessitatibus ab aut ut perferendis. Recusandae eos vel blanditiis iure aliquam.', 602, 9, 22, '2020-07-04 05:50:45', '2020-07-04 05:50:45'),
(92, 'sit', 'Aut ratione sed sit et deserunt dolores. Qui alias molestiae facilis expedita et. Officia in amet molestiae omnis asperiores maxime.', 871, 1, 30, '2020-07-04 05:50:45', '2020-07-04 05:50:45'),
(93, 'qui', 'Odio quia qui odit eveniet corrupti natus. Eos maxime fugiat et non cum eveniet deleniti. Deleniti accusantium esse illo.', 513, 8, 24, '2020-07-04 05:50:45', '2020-07-04 05:50:45'),
(94, 'rerum', 'Voluptas assumenda sed enim et rerum quia quo porro. Qui nihil velit et quia amet incidunt a veniam. Illum rem neque inventore facilis culpa expedita.', 519, 3, 23, '2020-07-04 05:50:45', '2020-07-04 05:50:45'),
(95, 'expedita', 'Illum sit molestias iste vitae tenetur. Et nisi autem mollitia iste ea vitae. Ut distinctio ut exercitationem quod in.', 357, 0, 23, '2020-07-04 05:50:45', '2020-07-04 05:50:45'),
(96, 'hic', 'Nisi error neque et earum. Enim voluptatem dolor et occaecati voluptatem occaecati dolorem eos. Quod quas aut fugit voluptatibus quis id odio.', 836, 0, 15, '2020-07-04 05:50:45', '2020-07-04 05:50:45'),
(97, 'suscipit', 'Enim harum eos quae voluptas ullam non. Qui ea modi ullam voluptatem. Eos corporis non amet amet corporis voluptatem.', 158, 6, 14, '2020-07-04 05:50:45', '2020-07-04 05:50:45'),
(98, 'assumenda', 'Odio explicabo iure atque. Eos aut commodi voluptas voluptatem. Tempora eum magnam quam tempora.', 244, 2, 2, '2020-07-04 05:50:45', '2020-07-04 05:50:45'),
(99, 'officiis', 'Ad ab quos quia a velit. Et ipsam qui quod velit. Itaque nobis sit rerum hic fugit.', 794, 9, 22, '2020-07-04 05:50:45', '2020-07-04 05:50:45'),
(100, 'quisquam', 'Ea quo quis facilis nam dicta. Qui quia omnis impedit qui. Corrupti quos quia dolor omnis. Est dolorum sed vero.', 354, 5, 14, '2020-07-04 05:50:45', '2020-07-04 05:50:45'),
(101, 'alias', 'Quo sint dolorem et aspernatur et. Est omnis temporibus minus rerum recusandae quaerat. Dolorum vitae eum dolorem doloribus culpa quos.', 232, 5, 2, '2020-07-04 05:52:29', '2020-07-04 05:52:29'),
(102, 'qui', 'Iure impedit numquam excepturi occaecati. Necessitatibus iste deleniti corporis distinctio. Omnis et expedita ut qui voluptatem ut est.', 904, 8, 11, '2020-07-04 05:52:29', '2020-07-04 05:52:29'),
(103, 'eos', 'In voluptatem accusantium quam. Maiores facilis necessitatibus sed voluptatem et. Qui et sit minus incidunt nostrum. Itaque autem culpa eligendi mollitia amet saepe enim accusantium.', 183, 4, 9, '2020-07-04 05:52:29', '2020-07-04 05:52:29'),
(104, 'et', 'Qui aut dolor beatae et eos ut ipsam. Voluptatem est ut aliquam consectetur. Reiciendis animi quibusdam autem sapiente.', 634, 8, 3, '2020-07-04 05:52:29', '2020-07-04 05:52:29'),
(105, 'nihil', 'Sapiente voluptatem facilis magnam veritatis autem. Ipsam commodi id quisquam magni quidem fugiat. Quia sint repellat placeat est ratione quae architecto.', 918, 5, 6, '2020-07-04 05:52:29', '2020-07-04 05:52:29'),
(106, 'ullam', 'Vel enim voluptates culpa. Non atque est exercitationem tempore in in. Nisi blanditiis voluptatem deserunt aut non. Tenetur sint ducimus rerum ex id harum quos.', 834, 3, 13, '2020-07-04 05:52:29', '2020-07-04 05:52:29'),
(107, 'incidunt', 'Recusandae quia sunt qui dolorem aut. Libero dignissimos dolores et provident. Excepturi velit molestias temporibus vitae qui quis ut. Aut distinctio quia doloremque consequuntur adipisci et libero.', 424, 5, 22, '2020-07-04 05:52:29', '2020-07-04 05:52:29'),
(108, 'accusantium', 'Corporis et voluptate aspernatur porro quo neque. Vel libero excepturi voluptatem ut.', 204, 7, 21, '2020-07-04 05:52:29', '2020-07-04 05:52:29'),
(109, 'numquam', 'Non aut quia labore sint. Aspernatur ratione enim occaecati et. Quisquam tenetur laborum molestiae nam voluptas.', 156, 1, 2, '2020-07-04 05:52:29', '2020-07-04 05:52:29'),
(110, 'numquam', 'Omnis aut repellendus error et et. Vel qui accusantium facere laudantium voluptatem totam et velit. Blanditiis amet et repellendus eveniet cupiditate excepturi.', 768, 3, 16, '2020-07-04 05:52:29', '2020-07-04 05:52:29'),
(111, 'rem', 'Distinctio velit aut voluptatem voluptate. Laudantium nihil cumque adipisci. Omnis et tempore facere placeat corporis aperiam.', 753, 0, 21, '2020-07-04 05:52:29', '2020-07-04 05:52:29'),
(112, 'harum', 'Nostrum corrupti commodi omnis qui est id occaecati. Eligendi dolorem ea cupiditate quis eos ipsa. Dolores dolorem enim fugiat quos voluptatem minima. Esse ex vel nihil perferendis repudiandae doloribus sit.', 978, 9, 12, '2020-07-04 05:52:29', '2020-07-04 05:52:29'),
(113, 'explicabo', 'Earum autem nihil sit voluptas sunt libero molestiae. Alias sit sint maiores inventore. Deleniti enim ea minima ullam odit maxime quo ut. Quia alias aut similique.', 664, 8, 4, '2020-07-04 05:52:29', '2020-07-04 05:52:29'),
(114, 'impedit', 'Eum distinctio et rerum omnis similique qui deleniti nesciunt. Atque vel qui quos. Eveniet id earum omnis et consequatur accusantium modi.', 957, 1, 4, '2020-07-04 05:52:29', '2020-07-04 05:52:29'),
(115, 'facilis', 'Corrupti tempore dolorem laboriosam commodi sit quia consequatur molestiae. Aliquam officia accusamus ipsa ut recusandae esse. Voluptatem voluptas est iste non ut. Et eos rerum vero.', 427, 2, 28, '2020-07-04 05:52:29', '2020-07-04 05:52:29'),
(116, 'qui', 'Repellat exercitationem perspiciatis iure eaque repellendus aut. Maiores iste tenetur maxime aut nulla. Aut sequi quia in ipsa facere.', 837, 7, 18, '2020-07-04 05:52:29', '2020-07-04 05:52:29'),
(117, 'officia', 'Mollitia nisi sunt placeat voluptatem et error. Dolores velit adipisci recusandae quae eaque quia dolores. Omnis dignissimos voluptate recusandae sint.', 416, 0, 28, '2020-07-04 05:52:29', '2020-07-04 05:52:29'),
(118, 'facilis', 'Sapiente eum deserunt nostrum quasi cum neque omnis. Vel quia explicabo libero sunt ut illo. Reprehenderit sunt delectus corrupti in eum temporibus tenetur. Temporibus in odit autem et corrupti.', 405, 9, 22, '2020-07-04 05:52:29', '2020-07-04 05:52:29'),
(119, 'voluptatem', 'Repellendus molestiae autem impedit maiores porro. Distinctio laboriosam illo eum veniam asperiores quas molestias. Culpa dignissimos dolorem ut in earum porro. Est beatae pariatur et ullam quidem ducimus.', 221, 5, 3, '2020-07-04 05:52:29', '2020-07-04 05:52:29'),
(120, 'unde', 'Quos dolores harum veritatis. Aut eum rerum officiis autem consequuntur. Et eos aliquam atque quibusdam. Laudantium laudantium odio doloremque dolore debitis aut tempore.', 859, 3, 7, '2020-07-04 05:52:29', '2020-07-04 05:52:29'),
(121, 'doloremque', 'Aliquam tempore eveniet libero quo suscipit placeat autem voluptatum. Nam quae mollitia et dolorem inventore repellat. Eius dolor facere sed omnis quibusdam ut illo.', 142, 8, 26, '2020-07-04 05:52:29', '2020-07-04 05:52:29'),
(122, 'iste', 'Aut et quia non et temporibus accusantium. Perferendis recusandae dignissimos quae ratione. Voluptas voluptas quam dolor nulla neque atque alias. Dolor dolores est fugit voluptatum.', 356, 6, 13, '2020-07-04 05:52:29', '2020-07-04 05:52:29'),
(123, 'et', 'Totam nesciunt corporis totam quidem tempora et. Qui pariatur distinctio deleniti est aspernatur eius aut. Reiciendis maiores laudantium voluptatibus quam molestiae non. Quidem voluptatem saepe autem quam necessitatibus.', 966, 8, 25, '2020-07-04 05:52:29', '2020-07-04 05:52:29'),
(124, 'similique', 'Fugiat consequatur harum et est ab quis. Voluptatum officiis facere omnis praesentium. Et molestiae rerum id autem.', 851, 9, 3, '2020-07-04 05:52:29', '2020-07-04 05:52:29'),
(125, 'et', 'Reprehenderit ut ut atque dolores cupiditate consectetur quam dolor. Omnis aut quisquam mollitia repudiandae. Omnis odit ad cupiditate. Sit id quo quae voluptates.', 507, 9, 18, '2020-07-04 05:52:29', '2020-07-04 05:52:29'),
(126, 'suscipit', 'Explicabo vel voluptate nemo. Ut earum cupiditate assumenda asperiores ad mollitia fugit. Architecto magnam deleniti sed quia expedita.', 559, 3, 8, '2020-07-04 05:52:29', '2020-07-04 05:52:29'),
(127, 'doloremque', 'Sit delectus debitis voluptatem omnis rerum excepturi. Autem animi velit eligendi ut enim et in. Enim excepturi quas nihil sapiente tempore cumque. Qui et enim et ipsum totam explicabo voluptate iste.', 698, 5, 11, '2020-07-04 05:52:29', '2020-07-04 05:52:29'),
(128, 'non', 'Explicabo voluptates esse ullam. In facere libero reprehenderit totam. Id voluptas est reiciendis sed.', 934, 9, 25, '2020-07-04 05:52:29', '2020-07-04 05:52:29'),
(129, 'fugiat', 'Voluptas natus magni voluptatum sed. Possimus sint quibusdam nesciunt itaque ex. Voluptate eius reiciendis aut aliquid voluptatum deleniti asperiores.', 857, 9, 28, '2020-07-04 05:52:29', '2020-07-04 05:52:29'),
(130, 'sed', 'Quibusdam omnis similique voluptatibus autem assumenda consequuntur et. Voluptas molestiae quia aspernatur quasi voluptatem.', 935, 9, 2, '2020-07-04 05:52:29', '2020-07-04 05:52:29'),
(131, 'laborum', 'Sequi consequuntur aut eveniet consectetur ut eos harum. Assumenda dolore vitae consequuntur. Nisi tempora veritatis veniam accusamus. Nisi velit vitae vel officiis nostrum eos nobis.', 921, 3, 16, '2020-07-04 05:52:29', '2020-07-04 05:52:29'),
(132, 'cupiditate', 'Incidunt labore quo hic sit. Eligendi voluptate officiis et aut quaerat reprehenderit pariatur. Quibusdam et sit saepe non eveniet molestias. Voluptatum ea maiores sunt ea quasi.', 608, 6, 26, '2020-07-04 05:52:29', '2020-07-04 05:52:29'),
(133, 'pariatur', 'At commodi ratione omnis. Voluptatibus aut rem ipsa ut. Ipsam labore ad sed voluptatem maxime harum.', 163, 0, 6, '2020-07-04 05:52:29', '2020-07-04 05:52:29'),
(134, 'velit', 'Beatae architecto explicabo reprehenderit quidem velit. Inventore in possimus ut velit. Nobis autem odit aut blanditiis quas quia ut qui.', 458, 1, 22, '2020-07-04 05:52:29', '2020-07-04 05:52:29'),
(135, 'velit', 'Nam voluptates omnis provident sed. Fugiat nobis qui sit quaerat mollitia impedit excepturi. Rerum soluta fugit dignissimos voluptatem officia excepturi. Iusto incidunt exercitationem qui tempora veniam.', 255, 9, 16, '2020-07-04 05:52:29', '2020-07-04 05:52:29'),
(136, 'aut', 'Consequatur dolores numquam et placeat. Placeat vel esse voluptas possimus sit ut. Ut omnis vel dolor quis animi. Distinctio et voluptatem sed.', 185, 0, 11, '2020-07-04 05:52:29', '2020-07-04 05:52:29'),
(137, 'iure', 'Sunt ea praesentium dicta. Pariatur qui qui deserunt magnam. Nihil aliquam veniam molestiae ex quia non aspernatur.', 484, 2, 18, '2020-07-04 05:52:29', '2020-07-04 05:52:29'),
(138, 'corrupti', 'Et dolorem ut sit quis quo aut. Odit aspernatur quidem autem.', 498, 6, 3, '2020-07-04 05:52:29', '2020-07-04 05:52:29'),
(139, 'aut', 'Ut hic deleniti animi ab enim nemo magni. Enim neque nobis sit recusandae reprehenderit illo. Doloremque id nihil aut atque sint voluptatem. Veniam deserunt quia optio sequi vitae.', 871, 7, 17, '2020-07-04 05:52:29', '2020-07-04 05:52:29'),
(140, 'illo', 'Quia eius fuga atque ad maxime voluptas. Assumenda voluptates qui aliquam ea voluptates voluptatem non. Ducimus voluptatem cupiditate ut neque labore iure. Neque nam expedita quaerat ut vel ea.', 638, 1, 7, '2020-07-04 05:52:29', '2020-07-04 05:52:29'),
(141, 'neque', 'Aliquid beatae dicta neque natus necessitatibus eius aut corrupti. Magnam est qui explicabo tempore. Corrupti aut dicta animi consectetur.', 460, 2, 7, '2020-07-04 05:52:29', '2020-07-04 05:52:29'),
(142, 'voluptas', 'Cumque non consequatur enim fugit consequatur sit fugit molestias. Ipsa officiis voluptates voluptatibus ullam possimus soluta voluptas. Facilis accusamus cupiditate vel numquam ex voluptas. Ad accusamus quas qui et rem.', 477, 1, 2, '2020-07-04 05:52:29', '2020-07-04 05:52:29'),
(143, 'dolores', 'Cupiditate quia voluptatem voluptas adipisci eius ad. Harum debitis eaque esse consequatur perferendis aut earum nihil. Sapiente illum similique et nihil vitae harum voluptas. Mollitia est aut quam sunt non et.', 189, 0, 28, '2020-07-04 05:52:29', '2020-07-04 05:52:29'),
(144, 'architecto', 'Provident occaecati nisi ea. Ut dolore vitae quos. Maxime nesciunt voluptas deleniti ipsum quidem ipsum esse. Ut sunt a excepturi velit.', 382, 5, 12, '2020-07-04 05:52:30', '2020-07-04 05:52:30'),
(145, 'voluptas', 'A facilis et voluptate. Odio quod qui labore qui dolore impedit. Ut aut quasi velit doloremque et ipsa nihil. Qui repellat est suscipit aliquam reiciendis. Asperiores quae qui sed adipisci sed architecto optio.', 891, 4, 15, '2020-07-04 05:52:30', '2020-07-04 05:52:30'),
(146, 'ipsa', 'Quam consequuntur doloribus aperiam non nostrum rerum. Et molestiae iste iure eaque consequuntur. Repudiandae itaque similique magni id velit quas. Laborum consequatur accusantium dolor et recusandae veniam tempore. Repellendus ea accusantium vitae non.', 133, 2, 3, '2020-07-04 05:52:30', '2020-07-04 05:52:30'),
(147, 'architecto', 'Doloribus hic quia qui necessitatibus ut facere. Alias ratione quaerat occaecati et asperiores quo iusto. Aut dignissimos qui temporibus est maiores ut perspiciatis.', 795, 6, 27, '2020-07-04 05:52:30', '2020-07-04 05:52:30'),
(148, 'odit', 'Incidunt rerum sunt recusandae atque dicta laborum tempore. Ducimus sed esse non voluptatem nostrum. Neque voluptas accusamus illum quo quia dicta. Amet repellendus error molestiae in nam.', 102, 8, 21, '2020-07-04 05:52:30', '2020-07-04 05:52:30'),
(149, 'autem', 'Quam eius nobis provident est quas officiis dolorem dignissimos. Fugit molestias earum rem quod. Qui libero quia molestias corrupti error consequatur.', 747, 4, 6, '2020-07-04 05:52:30', '2020-07-04 05:52:30'),
(150, 'amet', 'Dolor vel optio quia qui voluptate. Quia impedit dicta voluptatem dolores.', 684, 7, 5, '2020-07-04 05:52:30', '2020-07-04 05:52:30');

-- --------------------------------------------------------

--
-- Estructura de tabla para la tabla `reviews`
--

CREATE TABLE `reviews` (
  `id` bigint(20) UNSIGNED NOT NULL,
  `product_id` int(10) UNSIGNED NOT NULL,
  `customer` varchar(255) COLLATE utf8mb4_unicode_ci NOT NULL,
  `review` text COLLATE utf8mb4_unicode_ci NOT NULL,
  `star` int(11) NOT NULL,
  `created_at` timestamp NULL DEFAULT NULL,
  `updated_at` timestamp NULL DEFAULT NULL
) ENGINE=InnoDB DEFAULT CHARSET=utf8mb4 COLLATE=utf8mb4_unicode_ci;

--
-- Volcado de datos para la tabla `reviews`
--

INSERT INTO `reviews` (`id`, `product_id`, `customer`, `review`, `star`, `created_at`, `updated_at`) VALUES
(1, 26, 'Orie Weimann', 'Voluptatem et explicabo voluptate repellat eveniet. Consectetur autem iste repudiandae velit debitis sed. Quidem aliquid et perferendis corrupti.', 4, '2020-07-04 05:52:31', '2020-07-04 05:52:31'),
(2, 106, 'Yesenia Rohan Jr.', 'Voluptatem velit officiis voluptate. Dolores eum vel voluptas praesentium dolorem tenetur. Quia et quidem corporis ducimus quia expedita eos. Dignissimos ab ea aspernatur voluptatem expedita et.', 5, '2020-07-04 05:52:31', '2020-07-04 05:52:31'),
(3, 81, 'Jessy Toy', 'Itaque sed qui illum quia animi eius. Ex voluptatem nobis nihil architecto quo. Iure quod quo saepe tempore nemo sint molestiae et.', 5, '2020-07-04 05:52:31', '2020-07-04 05:52:31'),
(4, 98, 'Kattie Volkman', 'Perferendis fugiat repellendus enim. Ut sit quo ut minima. Rerum minima quasi dolorum ut necessitatibus eligendi. Consequatur nihil vel neque nihil.', 3, '2020-07-04 05:52:31', '2020-07-04 05:52:31'),
(5, 81, 'Horacio Rogahn', 'Culpa totam aut est voluptatem cum. Aspernatur animi deserunt sequi nulla sunt dolorum aliquid. Totam et hic facilis voluptas quaerat ipsam dolorem blanditiis. Consequatur aspernatur et dolorem sit.', 5, '2020-07-04 05:52:31', '2020-07-04 05:52:31'),
(6, 110, 'Bryana Jones IV', 'Consectetur asperiores et asperiores veniam est quis natus. Deleniti magni tempora cum dolorem. Consequatur qui fugit tempore totam. Rem nam eos laboriosam sed eius.', 4, '2020-07-04 05:52:31', '2020-07-04 05:52:31'),
(7, 123, 'Ulises Schmitt', 'Quis alias minus et. Commodi distinctio exercitationem dolorem iste sit nihil placeat facilis. Omnis mollitia et ipsam et et vitae mollitia. Consequatur odio ullam sit voluptas pariatur.', 5, '2020-07-04 05:52:31', '2020-07-04 05:52:31'),
(8, 139, 'Miss Maria Goyette', 'Vel itaque facere voluptatem distinctio laborum. Repellat minima cum voluptates aliquam accusamus sed sit. Ut ad commodi quo laboriosam ipsa nihil est.', 3, '2020-07-04 05:52:31', '2020-07-04 05:52:31'),
(9, 42, 'Ava Marks', 'Natus quia molestiae itaque. Aspernatur excepturi voluptatibus debitis magnam eum et tempora. Enim quis dolorem ab nulla ad ipsum deleniti. Ducimus optio facere maiores laboriosam rerum aut voluptatem unde. Est cum enim quam ipsa fuga.', 3, '2020-07-04 05:52:31', '2020-07-04 05:52:31'),
(10, 112, 'Marisa Waelchi', 'Nostrum quia facere voluptas expedita eaque optio. Nemo eligendi accusantium culpa ut. Ut alias a aut exercitationem ab odio.', 3, '2020-07-04 05:52:31', '2020-07-04 05:52:31'),
(11, 57, 'Prof. Rosalyn Medhurst Sr.', 'Dolores provident et voluptatem nam molestiae accusamus. Sed repudiandae praesentium enim ut autem delectus.', 3, '2020-07-04 05:52:31', '2020-07-04 05:52:31'),
(12, 103, 'Jarret Hackett', 'Dolore occaecati velit fugiat molestias. Sunt sed officiis voluptates sunt nisi natus. Illo error voluptatem quis molestiae consequatur sunt. Sunt dolores voluptatibus dolorem possimus culpa.', 3, '2020-07-04 05:52:31', '2020-07-04 05:52:31'),
(13, 143, 'Kariane Strosin', 'Voluptas sapiente provident totam et et laboriosam at. Veritatis adipisci ea aspernatur error voluptates est iste voluptatibus. Rerum voluptatum in impedit qui. Et et id aut sed iure repudiandae debitis. Enim voluptas aut repellendus quod ipsam autem.', 5, '2020-07-04 05:52:31', '2020-07-04 05:52:31'),
(14, 70, 'Mariana Heidenreich II', 'Sint est vel molestiae assumenda. Sequi soluta quas quo nisi provident. Totam sed sit sunt quos. Voluptas magni dignissimos corporis quam aut autem.', 5, '2020-07-04 05:52:31', '2020-07-04 05:52:31'),
(15, 98, 'Zoie Ortiz V', 'Ut et ipsa est tenetur ut perspiciatis nesciunt. Quis corrupti et at mollitia et quia. Qui eos est voluptates cupiditate non maiores reiciendis.', 0, '2020-07-04 05:52:31', '2020-07-04 05:52:31'),
(16, 30, 'Mr. Devonte Dare', 'Veritatis voluptas repellat molestias quasi laboriosam ea at delectus. Dignissimos laudantium est eum sed vero ipsam mollitia ut. Commodi et est est illo facilis ea dolores.', 4, '2020-07-04 05:52:31', '2020-07-04 05:52:31'),
(17, 43, 'Ona Kling', 'Ad voluptas voluptatem quaerat. Quasi earum ex molestias reprehenderit temporibus ab harum sint. Quos culpa pariatur voluptas nihil voluptatem sint quia. Aperiam exercitationem voluptas et quasi.', 3, '2020-07-04 05:52:31', '2020-07-04 05:52:31'),
(18, 149, 'Dr. Clare Little DDS', 'Rerum dolorem sit et voluptas. Rerum sit deleniti nobis accusantium est. Asperiores perferendis quam veniam aut aut fuga ipsam velit. Doloribus nobis reiciendis a. Eum alias recusandae deleniti quod commodi repellendus culpa.', 4, '2020-07-04 05:52:31', '2020-07-04 05:52:31'),
(19, 14, 'Tristin Hartmann PhD', 'Voluptas et aliquam magnam et at. Soluta aut sint omnis et non eum rem.', 5, '2020-07-04 05:52:31', '2020-07-04 05:52:31'),
(20, 73, 'Mr. Michel Satterfield MD', 'Dicta officia quam ab ut impedit voluptatem. Ratione in esse earum impedit porro in. Et error vel id vitae at fugit ex.', 4, '2020-07-04 05:52:31', '2020-07-04 05:52:31'),
(21, 88, 'Jermain Kerluke III', 'Quis non dolores id aspernatur qui. Est molestiae numquam voluptatem placeat amet nostrum. Et magnam libero quas neque. Veritatis omnis debitis non repellat.', 1, '2020-07-04 05:52:31', '2020-07-04 05:52:31'),
(22, 134, 'Dr. Mary Rohan MD', 'Eos itaque consequatur recusandae non. Odit aut ducimus odit ad. Labore et qui aliquid ut qui. Perferendis sunt facilis et quasi dolor quo facere.', 0, '2020-07-04 05:52:31', '2020-07-04 05:52:31'),
(23, 35, 'Cornelius Schmidt Sr.', 'Dolorem distinctio fugit est iste amet. Et eius voluptas odit rerum illum aliquid. Et consequatur quis doloremque nisi. Voluptas voluptas est aut ratione fugit voluptas rem.', 3, '2020-07-04 05:52:31', '2020-07-04 05:52:31'),
(24, 120, 'Haven Little', 'Omnis tenetur aut rerum. Dignissimos delectus et cum eum commodi aspernatur enim. Rerum et esse eaque.', 3, '2020-07-04 05:52:31', '2020-07-04 05:52:31'),
(25, 144, 'Joana Marquardt', 'Quod eum natus inventore non. Qui distinctio adipisci vel iusto. Assumenda aut et voluptatum excepturi eaque. Est officia dolores autem et dolore id.', 1, '2020-07-04 05:52:31', '2020-07-04 05:52:31'),
(26, 101, 'Mrs. Casandra Hahn DVM', 'Nihil adipisci architecto mollitia qui minus. Ipsam et voluptatem molestias vel quo enim. Distinctio dolores dolores dicta deserunt aut et.', 0, '2020-07-04 05:52:31', '2020-07-04 05:52:31'),
(27, 149, 'Guadalupe Zboncak', 'Qui velit eum et sed. Qui ut molestiae animi. Quis excepturi ea cumque et et et aut. Rerum quasi omnis optio quam eius facilis maxime.', 4, '2020-07-04 05:52:31', '2020-07-04 05:52:31'),
(28, 67, 'Prof. Flo Gaylord DVM', 'Ratione commodi non officia tempora harum dolore adipisci qui. Nostrum expedita nihil illo enim eos nostrum ut. Et et aut voluptatibus eligendi adipisci voluptatem. Nulla possimus sit necessitatibus mollitia.', 1, '2020-07-04 05:52:31', '2020-07-04 05:52:31'),
(29, 24, 'Dr. Ryley Koch Jr.', 'Sed esse autem possimus minima fugiat soluta ut ut. Et aut rerum voluptatum mollitia incidunt numquam autem aut. Possimus voluptate exercitationem autem alias nihil eos.', 4, '2020-07-04 05:52:31', '2020-07-04 05:52:31'),
(30, 65, 'Mr. Gaylord Nitzsche Jr.', 'Tempore eius ipsa earum cupiditate quaerat molestiae occaecati. Beatae et ex neque id error. Dignissimos est velit labore expedita voluptate recusandae voluptate est. Aspernatur nostrum et velit reiciendis.', 3, '2020-07-04 05:52:31', '2020-07-04 05:52:31'),
(31, 50, 'Emmet Deckow', 'Non nesciunt illum nesciunt. Architecto ea rerum ipsam quidem autem.', 5, '2020-07-04 05:52:31', '2020-07-04 05:52:31'),
(32, 35, 'Princess O\'Keefe', 'Impedit ut sequi corrupti eos odio. Vitae dolorum explicabo dolores. Qui sit aut quae sunt aliquid quia.', 4, '2020-07-04 05:52:31', '2020-07-04 05:52:31'),
(33, 8, 'Sim Schuppe Jr.', 'Doloribus atque facilis qui aspernatur inventore blanditiis. Qui officia accusamus necessitatibus vel consequuntur.', 0, '2020-07-04 05:52:31', '2020-07-04 05:52:31'),
(34, 63, 'Octavia Lindgren', 'Eum sapiente quia perferendis. Et temporibus sint qui harum eveniet ab repellat. Omnis eum illum beatae est quia.', 5, '2020-07-04 05:52:31', '2020-07-04 05:52:31'),
(35, 11, 'David Kautzer', 'Sint illo impedit ab delectus qui saepe repudiandae. Sed voluptatem voluptatum ut voluptatem repellat sed quo sequi. Rerum doloremque nesciunt et temporibus asperiores.', 3, '2020-07-04 05:52:31', '2020-07-04 05:52:31'),
(36, 117, 'Kaylin Lemke', 'Asperiores dicta nihil et ut cumque. Omnis ducimus ab aspernatur minima sed tempora. Voluptas temporibus rem facere dignissimos. Unde qui aliquid sint dolore unde eaque architecto. Quisquam sed quis magni est.', 2, '2020-07-04 05:52:31', '2020-07-04 05:52:31'),
(37, 47, 'Dewayne Keebler IV', 'Voluptatibus rem architecto reiciendis aut magnam dolor exercitationem necessitatibus. Magni veritatis illo quia consequatur et nostrum maxime. Est illo voluptates rem provident. Animi id est similique rerum dolore omnis sapiente. Sed consequatur nihil officiis iure.', 4, '2020-07-04 05:52:31', '2020-07-04 05:52:31'),
(38, 51, 'Dr. Jerald Dickens', 'Et accusamus dolores doloremque est hic eos. Neque ut velit sunt laborum. Beatae eum dolor saepe porro.', 0, '2020-07-04 05:52:31', '2020-07-04 05:52:31'),
(39, 126, 'Mrs. Rafaela Jacobi', 'Sequi quia nihil ab illo tempora nisi. Quia reiciendis animi est impedit aut.', 5, '2020-07-04 05:52:31', '2020-07-04 05:52:31'),
(40, 44, 'Sam Frami', 'Ab et at est dolorum. Corrupti et ipsum iste. Quia modi autem voluptas modi quidem dolor quas.', 5, '2020-07-04 05:52:31', '2020-07-04 05:52:31'),
(41, 2, 'Prof. Viola Watsica IV', 'Odio enim nisi aliquid ut. Vel velit facere eum in nemo qui. Labore autem unde explicabo et. Accusamus quia consequuntur quia.', 5, '2020-07-04 05:52:31', '2020-07-04 05:52:31'),
(42, 149, 'Tommie Cronin III', 'Quaerat dolor rerum nihil numquam qui. Qui accusantium debitis et ratione nostrum laboriosam qui nostrum. Aut qui sed veniam id nesciunt exercitationem.', 2, '2020-07-04 05:52:31', '2020-07-04 05:52:31'),
(43, 9, 'Alanis Bartoletti', 'Et nemo eveniet nesciunt. A sequi esse et. Facilis dolore aut illum temporibus labore debitis. Itaque delectus reprehenderit dolorum veniam non sapiente.', 4, '2020-07-04 05:52:31', '2020-07-04 05:52:31'),
(44, 56, 'Prof. Kacey Schamberger', 'Et et cumque non ut. Expedita qui nulla dicta consequatur quia est. Aperiam facere rerum a repellendus vel. Hic repellat asperiores temporibus vitae sed atque fugit.', 3, '2020-07-04 05:52:31', '2020-07-04 05:52:31'),
(45, 85, 'Leslie Renner', 'Fuga sit amet recusandae exercitationem alias aut. Tenetur accusamus explicabo laudantium itaque aut sunt. Ut quisquam autem dolore.', 2, '2020-07-04 05:52:31', '2020-07-04 05:52:31'),
(46, 51, 'Hubert Ankunding', 'Et earum molestias ab atque dicta. Est quia sit aperiam aut molestiae explicabo. Et natus commodi aspernatur consequatur eius est. Fugiat id sapiente vero commodi.', 2, '2020-07-04 05:52:31', '2020-07-04 05:52:31'),
(47, 96, 'Prof. Jaydon Veum MD', 'Sit nobis sed ad praesentium. Quod asperiores placeat nemo voluptate. Sunt maiores quo aliquid modi aut doloremque voluptas omnis.', 5, '2020-07-04 05:52:31', '2020-07-04 05:52:31'),
(48, 87, 'Prof. Luigi Daugherty I', 'Labore ut iste modi aut. Excepturi esse molestiae minima ea explicabo. Illum aliquid voluptate quis libero quia debitis amet.', 2, '2020-07-04 05:52:31', '2020-07-04 05:52:31'),
(49, 75, 'Emmanuelle Torphy MD', 'Sapiente molestias dolor amet eaque hic. Vitae dolorem voluptas ratione et. Similique quo sit voluptas id similique nobis.', 4, '2020-07-04 05:52:31', '2020-07-04 05:52:31'),
(50, 44, 'Josianne Hagenes', 'Modi nobis natus dignissimos architecto reiciendis. Tenetur itaque dolore tempore et. Quos autem incidunt quis. Repudiandae dolorem maxime reprehenderit voluptas delectus.', 1, '2020-07-04 05:52:31', '2020-07-04 05:52:31'),
(51, 136, 'Miss Allie Satterfield II', 'Officia saepe rerum magni animi illo doloremque. Necessitatibus atque sunt repellat fuga ea tenetur. Placeat deleniti id magni voluptas non.', 4, '2020-07-04 05:52:31', '2020-07-04 05:52:31'),
(52, 122, 'Ms. Sincere Stiedemann Sr.', 'Sed quasi vero inventore saepe rerum vel. Omnis nam eligendi fugit et officia. Consectetur consequatur autem ullam qui amet voluptas.', 1, '2020-07-04 05:52:31', '2020-07-04 05:52:31'),
(53, 90, 'Merl Bode', 'Repellendus vero voluptatum doloremque rerum eaque corrupti. Commodi unde aut blanditiis reprehenderit. Tempora velit sequi dolorem qui. Esse vero ullam deserunt ab modi ut.', 5, '2020-07-04 05:52:31', '2020-07-04 05:52:31'),
(54, 127, 'Gavin Nikolaus', 'Consequatur culpa eaque consequatur est minus. Dolorum assumenda laborum quo eos et. At autem qui dolorem accusamus. Ab corporis iure dolor aliquam enim est.', 5, '2020-07-04 05:52:31', '2020-07-04 05:52:31'),
(55, 93, 'Jonathon Hettinger', 'Dolores optio quia possimus harum architecto. Ducimus corporis ea voluptatum explicabo similique dolorem et aliquam. In quia corrupti ut ea et cupiditate. Vero autem voluptas dolor cumque suscipit.', 4, '2020-07-04 05:52:31', '2020-07-04 05:52:31'),
(56, 8, 'Augusta O\'Reilly', 'Ut voluptas rem placeat deserunt accusantium velit facilis. Repudiandae quia hic doloremque eos fuga autem voluptatem perferendis. Commodi ipsum quod fuga aut culpa quidem qui. Labore voluptas fugiat ducimus consequatur incidunt ex.', 1, '2020-07-04 05:52:31', '2020-07-04 05:52:31'),
(57, 144, 'Dr. Audie Gleason', 'Fuga maxime ut libero perferendis placeat commodi voluptatum. Voluptates recusandae ut omnis dolor et. Rerum doloribus qui deserunt omnis quia nam hic. Ut autem amet et ad.', 5, '2020-07-04 05:52:31', '2020-07-04 05:52:31'),
(58, 32, 'Angelica Hahn', 'Aut consequatur placeat laborum est eos. Inventore dolorum dolorum quia aut et velit. Iure alias aspernatur maxime. Magni eum sequi deleniti sint dolores tempora.', 5, '2020-07-04 05:52:31', '2020-07-04 05:52:31'),
(59, 130, 'Shea Steuber I', 'Commodi quae vel amet eius quam. Voluptas non sunt qui. Vel ullam sint labore pariatur numquam.', 5, '2020-07-04 05:52:31', '2020-07-04 05:52:31'),
(60, 150, 'Ms. Alda Stanton II', 'Incidunt dolor id ut. Molestias aperiam praesentium et mollitia fuga deleniti. Et quia quos qui non ab nobis animi. Architecto velit esse est totam sit eveniet.', 5, '2020-07-04 05:52:31', '2020-07-04 05:52:31'),
(61, 138, 'Waino Turner', 'Ut nisi voluptatem eum ex. Veritatis repellat quasi voluptatem aut recusandae animi omnis. Dolorum quia dolore repellendus commodi eaque aliquid accusantium. Repellendus eaque consectetur veniam sunt pariatur ut porro.', 2, '2020-07-04 05:52:31', '2020-07-04 05:52:31'),
(62, 63, 'Margot Wyman I', 'Aliquid ex ab aperiam dolorem debitis ab. Aut culpa consequatur facere iure. Laboriosam optio beatae enim corrupti. Non ratione est qui necessitatibus dolore ea ducimus.', 5, '2020-07-04 05:52:31', '2020-07-04 05:52:31'),
(63, 148, 'Ms. Velma Paucek V', 'Ut rerum possimus dolores animi. In mollitia consequatur fugiat sit impedit ipsum. Facilis repellat quidem provident aut illum expedita. Officiis et molestiae ducimus eos modi maxime. Quisquam magni et ex id.', 3, '2020-07-04 05:52:31', '2020-07-04 05:52:31'),
(64, 102, 'Eulah Barrows', 'Aut ab qui nemo aut cumque id consectetur. Deserunt qui voluptas tenetur nemo. Et atque distinctio debitis. Ipsa dolorum quam enim illum excepturi. Voluptatem vitae tempore natus nam.', 0, '2020-07-04 05:52:31', '2020-07-04 05:52:31'),
(65, 79, 'Prof. Cloyd Tromp Jr.', 'Sed ut voluptatem et tempora. Officia expedita est repellat cupiditate id libero. Vel quod non voluptas beatae tempore quae aspernatur unde.', 0, '2020-07-04 05:52:31', '2020-07-04 05:52:31'),
(66, 23, 'Chelsey Goyette MD', 'Quidem odit et alias qui. Modi quo est hic est est distinctio. Tenetur eos omnis sunt. Omnis fugiat corporis numquam ex non. Tenetur velit quos corrupti id pariatur.', 0, '2020-07-04 05:52:31', '2020-07-04 05:52:31'),
(67, 11, 'Adrain Romaguera', 'Dolorem hic ad reprehenderit quisquam repellendus modi odit ut. Nisi reiciendis unde voluptatem consequatur itaque tempora tempore enim. Quod molestiae pariatur quaerat repudiandae assumenda eligendi.', 3, '2020-07-04 05:52:31', '2020-07-04 05:52:31'),
(68, 3, 'Miss Daniela Ortiz', 'Ut sit voluptatum dolor. Eius aut eaque rerum qui repellat.', 4, '2020-07-04 05:52:31', '2020-07-04 05:52:31'),
(69, 93, 'Gunner Flatley DVM', 'Nam sunt explicabo est tenetur impedit. Consequuntur unde magni occaecati. Incidunt blanditiis alias perferendis. Et fugiat pariatur culpa nobis laboriosam quas voluptatum est.', 4, '2020-07-04 05:52:31', '2020-07-04 05:52:31'),
(70, 137, 'General Sipes', 'Sapiente necessitatibus enim aut aut. Molestiae eos optio aut molestiae rerum. Eum dolores quibusdam dolore nihil at culpa ut. Repudiandae nemo officiis ipsa expedita.', 4, '2020-07-04 05:52:31', '2020-07-04 05:52:31'),
(71, 87, 'Johnpaul Sawayn', 'Molestiae explicabo vel et sunt ab voluptas. A hic nemo assumenda deserunt labore et esse. Beatae rerum quia et voluptates excepturi atque.', 5, '2020-07-04 05:52:31', '2020-07-04 05:52:31'),
(72, 98, 'Ms. Albina Sanford DDS', 'Assumenda recusandae nulla at cum aut. Id hic nam ut omnis molestiae accusamus quasi deleniti. Dignissimos in iusto fuga unde. Nihil repudiandae velit maxime voluptatem sint.', 0, '2020-07-04 05:52:31', '2020-07-04 05:52:31'),
(73, 71, 'Lorenza Marvin Jr.', 'Ut qui assumenda quidem tempora rerum. Quae excepturi harum voluptates et ea nostrum. Et reiciendis nihil aperiam sit. Pariatur ipsum architecto iure et.', 5, '2020-07-04 05:52:31', '2020-07-04 05:52:31'),
(74, 32, 'Ubaldo Schmitt', 'Corporis eveniet repudiandae eveniet quisquam qui occaecati nemo quia. Vel ut harum ut voluptas. Sunt aut rem ipsa facere sint.', 4, '2020-07-04 05:52:31', '2020-07-04 05:52:31'),
(75, 116, 'Billie Turner', 'Ut iusto minus doloribus praesentium cumque. Nulla saepe sint tenetur ut accusamus. Amet quia explicabo soluta qui quia. Alias sit dolore sed excepturi.', 0, '2020-07-04 05:52:31', '2020-07-04 05:52:31'),
(76, 75, 'Patricia Rutherford', 'Perferendis quos velit nobis ea quibusdam cum. Voluptatem totam quia aut minus adipisci labore facere velit. Rerum exercitationem autem ut facilis aliquam delectus architecto.', 5, '2020-07-04 05:52:31', '2020-07-04 05:52:31'),
(77, 94, 'Dianna Beier', 'Tenetur velit iusto facilis qui velit voluptates. Eum nihil recusandae soluta inventore nam minus. In nam ut esse autem deleniti similique. Reiciendis ullam repellendus adipisci cumque repellendus aut eum qui.', 5, '2020-07-04 05:52:31', '2020-07-04 05:52:31'),
(78, 139, 'Rhianna Trantow', 'Voluptatem est architecto eum dignissimos. Commodi et error sint sed officiis. Voluptas blanditiis placeat omnis similique. Aliquam assumenda repellat mollitia officia provident et culpa consequatur.', 1, '2020-07-04 05:52:31', '2020-07-04 05:52:31'),
(79, 61, 'Prof. Garrison Trantow MD', 'Voluptatem facere rerum debitis minima dolores dicta. Expedita dolore magnam necessitatibus est nihil error. Eum deserunt quo et qui fugit atque numquam eveniet.', 1, '2020-07-04 05:52:31', '2020-07-04 05:52:31'),
(80, 19, 'Mitchell White', 'Error quis officiis laboriosam quis. Consequatur dolor repellendus sit sunt qui. Dolores tempore sit et qui minima aperiam temporibus. Eos quia sit sit quia.', 0, '2020-07-04 05:52:31', '2020-07-04 05:52:31'),
(81, 24, 'Laura Crona', 'Culpa quibusdam soluta non deleniti est ad. Molestias nemo aut soluta aut veniam numquam recusandae sint. Non molestiae qui atque sed id voluptatem excepturi.', 5, '2020-07-04 05:52:31', '2020-07-04 05:52:31'),
(82, 33, 'Ms. Domenica Smitham MD', 'Quis neque et optio veniam deserunt. Qui nemo placeat quasi consequatur velit neque quae. Molestiae et sit provident expedita commodi non dicta.', 2, '2020-07-04 05:52:31', '2020-07-04 05:52:31'),
(83, 5, 'Prof. Janick Mohr DVM', 'Eius maiores ipsum mollitia tempore nihil magnam omnis. Omnis sed fugiat dignissimos et. Non ut nemo earum veritatis perferendis occaecati at. Asperiores voluptatibus aut quas quas perspiciatis molestiae rerum.', 5, '2020-07-04 05:52:31', '2020-07-04 05:52:31'),
(84, 38, 'Miss Hope Lang', 'Quia cumque minus est et. Eveniet ratione cum ut rem aspernatur et fugit.', 0, '2020-07-04 05:52:31', '2020-07-04 05:52:31'),
(85, 81, 'Valentina Dickinson', 'Veniam quae quo et harum blanditiis est. Deserunt ut at minus repellendus. Eum illum iure et. Voluptas blanditiis incidunt non ut.', 0, '2020-07-04 05:52:31', '2020-07-04 05:52:31'),
(86, 27, 'Evan Braun', 'Mollitia sed deserunt laudantium eos sed perspiciatis. Corporis et a omnis consequuntur velit qui. Sequi amet placeat omnis ex voluptatem recusandae. Vero explicabo quidem in laudantium eos non.', 4, '2020-07-04 05:52:31', '2020-07-04 05:52:31'),
(87, 138, 'Wilford Volkman PhD', 'Ipsum ea quas aut dolor quod itaque laborum. Nisi laborum est quos pariatur aut. Reprehenderit quia placeat magnam qui sint.', 5, '2020-07-04 05:52:31', '2020-07-04 05:52:31'),
(88, 16, 'Major Brown', 'Voluptas perspiciatis repudiandae aut dolores iusto sit. Dolorem mollitia voluptatem quia eligendi asperiores dolorem accusantium aperiam. Vel sed consectetur qui beatae quas odio sequi.', 1, '2020-07-04 05:52:31', '2020-07-04 05:52:31'),
(89, 131, 'Dr. Treva Cummings PhD', 'Et inventore qui at cum ipsum porro minus excepturi. Recusandae sed inventore quo consequatur impedit ratione occaecati. Voluptatem tenetur alias aut unde. Ipsa occaecati dolorem sit illum voluptatem et. Quia doloremque doloremque voluptatem qui ut.', 5, '2020-07-04 05:52:31', '2020-07-04 05:52:31'),
(90, 116, 'Wilfredo Green', 'Impedit ea atque odio unde consequatur qui. Placeat tenetur hic qui laudantium quidem.', 0, '2020-07-04 05:52:31', '2020-07-04 05:52:31'),
(91, 16, 'Chelsea Hilpert II', 'Veniam quia molestias quia qui necessitatibus. Qui deleniti harum animi impedit et. Incidunt consequatur magni repellendus expedita perspiciatis. Aut temporibus laudantium adipisci tenetur quae vel omnis soluta.', 4, '2020-07-04 05:52:31', '2020-07-04 05:52:31'),
(92, 47, 'Dr. Easter Bogan Jr.', 'Ut cupiditate inventore sint aliquid mollitia. Velit quia est delectus eligendi dicta consectetur. Tenetur officiis quam qui tenetur quis. Earum repellendus ex dignissimos.', 3, '2020-07-04 05:52:31', '2020-07-04 05:52:31'),
(93, 39, 'Emanuel Kiehn', 'Magni enim repellat voluptatem et ullam. Corrupti omnis et molestiae autem expedita molestias nesciunt. Vel odit molestias similique iure.', 4, '2020-07-04 05:52:31', '2020-07-04 05:52:31'),
(94, 98, 'Ernestine Larkin', 'In qui quia consequuntur sunt sequi eveniet est. Porro qui rerum aspernatur aspernatur cupiditate ducimus explicabo. Vitae natus maxime voluptate consectetur laudantium ut quos. Officiis quaerat sed voluptas.', 0, '2020-07-04 05:52:31', '2020-07-04 05:52:31'),
(95, 107, 'Collin Schumm', 'Dignissimos unde et quibusdam blanditiis voluptatem ipsam. Vitae laborum dolores qui voluptatem dicta veniam est. Quisquam voluptatum nostrum quaerat et. Asperiores velit eveniet eos nemo consequatur.', 4, '2020-07-04 05:52:31', '2020-07-04 05:52:31'),
(96, 50, 'Miss Willa Sauer III', 'Accusamus rem quisquam minus dolorum voluptate consequuntur. Nobis laudantium maiores consequuntur. Quis et hic cupiditate et officiis distinctio accusantium.', 1, '2020-07-04 05:52:31', '2020-07-04 05:52:31'),
(97, 147, 'Zetta Fahey', 'Praesentium dolorem voluptas officia. Provident quia modi consequatur vitae. Iure debitis et commodi quibusdam maiores quos qui. Ut molestias sint est aspernatur rerum dignissimos. Aperiam et rem cum ipsa laborum debitis.', 5, '2020-07-04 05:52:31', '2020-07-04 05:52:31'),
(98, 22, 'Agnes Upton', 'Sunt iure laboriosam sed quo esse dolore quis architecto. Debitis est repellat dolores laborum dolore occaecati. Sequi quia quae earum aut. Est tempore debitis praesentium voluptates soluta.', 1, '2020-07-04 05:52:31', '2020-07-04 05:52:31'),
(99, 90, 'Mr. Mckenzie Crona', 'Totam deleniti tempore quis distinctio sequi dignissimos. A dicta eius non ipsa quis esse. Quasi est officiis corrupti sit quidem. Iure culpa unde ut ut libero qui ratione. Eaque error accusantium dolores accusamus.', 1, '2020-07-04 05:52:31', '2020-07-04 05:52:31'),
(100, 56, 'Mr. Edmund Kunde', 'Facere facilis omnis libero. Officiis quia sed esse explicabo. Consequuntur voluptatem quae nostrum impedit enim et consequatur odit.', 1, '2020-07-04 05:52:31', '2020-07-04 05:52:31'),
(101, 103, 'Desiree Hettinger II', 'Nihil id molestias reiciendis qui aut culpa assumenda. Eum facere placeat minus voluptates et dolores ea dolores. Sint id quia nam officiis occaecati aspernatur corrupti. Quia et laudantium magni recusandae hic praesentium.', 0, '2020-07-04 05:52:31', '2020-07-04 05:52:31'),
(102, 127, 'Mikayla Paucek', 'Iste sint deleniti et quaerat nihil quos et velit. Itaque eos quas distinctio qui sed aliquam itaque. Quo suscipit quibusdam vitae aut tempora explicabo aliquam.', 5, '2020-07-04 05:52:31', '2020-07-04 05:52:31'),
(103, 15, 'Zackary Littel', 'Itaque et cum quas sed sit molestiae nostrum aut. Asperiores cum quaerat quos temporibus. Odio qui quas tenetur. Soluta vitae sapiente non sed porro laboriosam tempora.', 2, '2020-07-04 05:52:31', '2020-07-04 05:52:31'),
(104, 146, 'Prof. Waylon Leannon', 'Consequatur occaecati qui ut et. Et voluptatem natus perspiciatis quaerat enim aliquam. Vel et voluptatem eaque earum saepe. Voluptatum optio eligendi enim.', 1, '2020-07-04 05:52:31', '2020-07-04 05:52:31'),
(105, 9, 'Abby Upton', 'Minima placeat et facere cum nobis sed ut. Vel totam tempora minus iste assumenda aut sit. Eum repellat quia ex omnis.', 5, '2020-07-04 05:52:31', '2020-07-04 05:52:31'),
(106, 39, 'Jamil Dare V', 'Asperiores quas labore autem autem non. Sed omnis dolore quod nihil minus nam architecto. Recusandae quas quis facilis nemo tempore.', 0, '2020-07-04 05:52:31', '2020-07-04 05:52:31'),
(107, 106, 'Ms. Nora Wisozk III', 'Ab ipsa earum sit saepe explicabo. Sapiente dignissimos consequatur velit soluta eum. Quis est voluptate rerum perferendis non earum. Maxime in saepe necessitatibus fuga et. Consequatur nulla velit earum maxime repellat eveniet.', 4, '2020-07-04 05:52:31', '2020-07-04 05:52:31'),
(108, 59, 'Prof. Elza Hamill MD', 'Sunt maxime sed ut et optio. Deserunt facilis molestiae occaecati nihil natus voluptatem non. Voluptatum impedit ea est libero illum. Animi fugiat autem suscipit quis labore illum.', 3, '2020-07-04 05:52:31', '2020-07-04 05:52:31'),
(109, 86, 'Ms. Raquel Funk', 'Est dolores quia nemo dignissimos. Quasi error architecto et et. Et impedit ratione aut.', 2, '2020-07-04 05:52:31', '2020-07-04 05:52:31'),
(110, 112, 'Martin Trantow', 'Ea autem est ut accusamus velit autem. Atque est labore asperiores dicta eos atque. Culpa sint nobis dicta at odio aperiam.', 3, '2020-07-04 05:52:31', '2020-07-04 05:52:31'),
(111, 27, 'Prof. Deron Donnelly I', 'Ut facere qui et quod et quos dolorem esse. Illum magni enim velit ut et vel alias neque. Culpa sit consequuntur dolores amet quod expedita.', 2, '2020-07-04 05:52:31', '2020-07-04 05:52:31'),
(112, 71, 'Maxime Grady', 'Aspernatur est quidem ad placeat quod et. Aperiam dolore odio eos. Animi et minus sunt suscipit.', 1, '2020-07-04 05:52:31', '2020-07-04 05:52:31'),
(113, 6, 'Dale Lebsack', 'Vel voluptatum totam in ipsum porro non et. Assumenda totam nihil quas tenetur explicabo mollitia.', 0, '2020-07-04 05:52:31', '2020-07-04 05:52:31'),
(114, 13, 'Queenie Ernser IV', 'Quod sunt cumque quis sit illum velit non similique. Omnis sunt voluptas quidem ut eligendi officia. Explicabo rerum animi qui dolores incidunt perspiciatis labore. Dolor aut magni vel reprehenderit iure aspernatur facilis.', 2, '2020-07-04 05:52:31', '2020-07-04 05:52:31'),
(115, 21, 'Lamar Stark', 'Numquam ea iure sed cum accusantium. Aliquam dolores recusandae quo qui in asperiores.', 3, '2020-07-04 05:52:31', '2020-07-04 05:52:31'),
(116, 130, 'Lukas Waelchi', 'Non aut beatae itaque voluptas. Minus numquam quam soluta eligendi. Ducimus aut reprehenderit voluptatem. Modi et minima in est qui et.', 1, '2020-07-04 05:52:31', '2020-07-04 05:52:31'),
(117, 104, 'Emmalee DuBuque', 'Velit cupiditate consequatur odio autem dolores maxime saepe. Ad explicabo rerum voluptatem beatae. Vel et consequuntur dolorem deleniti ullam aut.', 0, '2020-07-04 05:52:31', '2020-07-04 05:52:31'),
(118, 108, 'Vicente Runte', 'Quis fuga quos optio tempore aut nostrum nesciunt. Autem reiciendis et velit officia velit. Nostrum autem ut sint ut et.', 0, '2020-07-04 05:52:31', '2020-07-04 05:52:31'),
(119, 57, 'Nia Bechtelar PhD', 'Omnis quis qui ipsam dolorum ipsam laudantium. Reprehenderit maiores quis est. Labore voluptatem sed omnis repellendus quis ut enim nemo.', 4, '2020-07-04 05:52:31', '2020-07-04 05:52:31'),
(120, 83, 'Oren Torphy Sr.', 'Consectetur natus repellat ducimus vel temporibus dolorum. Porro voluptatum facilis quas minima dolores qui. Dolor rerum quis nisi architecto delectus voluptatem consequuntur. Earum aliquam qui est id fugit nisi. Sapiente porro itaque incidunt rem quia.', 4, '2020-07-04 05:52:31', '2020-07-04 05:52:31'),
(121, 132, 'Gilbert Cremin', 'Iure ut non et illum sed voluptatibus commodi. Fuga et mollitia hic asperiores occaecati aut. Recusandae libero ut autem natus dolor sunt.', 4, '2020-07-04 05:52:31', '2020-07-04 05:52:31'),
(122, 78, 'Westley Eichmann', 'Voluptatem excepturi autem dolores ipsum nihil adipisci corporis. Fuga sint sunt assumenda incidunt est. Et repudiandae ut pariatur aliquid dolorem est. Omnis sit velit alias in sed quibusdam earum.', 5, '2020-07-04 05:52:31', '2020-07-04 05:52:31'),
(123, 73, 'Tanner Schneider', 'Sunt vel quae mollitia odio doloribus et. Beatae est cupiditate iure sed cumque dolor.', 5, '2020-07-04 05:52:31', '2020-07-04 05:52:31'),
(124, 110, 'Mose Schultz', 'Voluptatibus maxime necessitatibus atque facere et sed. Ex necessitatibus consequatur impedit quod enim. Et quis consequatur ipsum in dolore.', 3, '2020-07-04 05:52:31', '2020-07-04 05:52:31'),
(125, 15, 'Orin Carroll', 'Ea qui et voluptas dolorem quo nulla et. Ipsa pariatur dolor quaerat enim unde sunt. Non et eius consequatur omnis delectus.', 4, '2020-07-04 05:52:31', '2020-07-04 05:52:31'),
(126, 140, 'Mathilde Quigley', 'Quasi ab harum et laboriosam illo. Esse voluptatibus velit itaque nisi. Sed animi autem neque necessitatibus corrupti ad. Ipsum qui repellendus in est accusamus debitis eos.', 0, '2020-07-04 05:52:31', '2020-07-04 05:52:31'),
(127, 146, 'Lincoln Barrows', 'Non quidem blanditiis corporis atque. Non et sit alias ipsa totam magni in. Eum officiis sed est nostrum. Aspernatur eius quibusdam id voluptas.', 2, '2020-07-04 05:52:31', '2020-07-04 05:52:31'),
(128, 20, 'Cassie Hoeger', 'Ex sed natus voluptatum. Est qui maxime saepe quaerat. Nisi ab ut aut praesentium consequuntur. Recusandae nobis corporis natus ea.', 4, '2020-07-04 05:52:31', '2020-07-04 05:52:31'),
(129, 32, 'Akeem Ziemann', 'Porro repudiandae explicabo est mollitia sit hic dolores. Dolorem dolorem ratione illum omnis adipisci repellat. Voluptatibus qui voluptatem possimus quos fugiat dolorum iure. Reprehenderit recusandae repudiandae nihil omnis.', 3, '2020-07-04 05:52:31', '2020-07-04 05:52:31'),
(130, 145, 'Isai Feeney', 'Eius enim totam deserunt a nulla consequatur. Ab iste facere earum earum perspiciatis nesciunt hic. Adipisci voluptatem asperiores vel occaecati et. Totam accusantium qui blanditiis sapiente id quia.', 4, '2020-07-04 05:52:31', '2020-07-04 05:52:31'),
(131, 115, 'Mr. Okey McKenzie', 'Blanditiis quo labore omnis exercitationem animi officia et. Eveniet beatae facilis vel qui ut illum. Consequatur et molestiae qui fugiat.', 1, '2020-07-04 05:52:31', '2020-07-04 05:52:31'),
(132, 97, 'Evie Kutch', 'Soluta est ut doloribus. Enim consequatur ex quasi aut. Quasi non atque dolorem nostrum ipsa veritatis.', 2, '2020-07-04 05:52:31', '2020-07-04 05:52:31'),
(133, 74, 'Haylie Herman', 'Omnis eum veritatis porro non. Nobis tempora ut ipsam excepturi beatae porro.', 5, '2020-07-04 05:52:31', '2020-07-04 05:52:31'),
(134, 101, 'Mr. Everett Schowalter III', 'Optio distinctio voluptatibus omnis vitae corporis. Laboriosam aut eum adipisci non aliquam odio rerum doloremque. Quisquam aspernatur a id quae velit sapiente quod et.', 1, '2020-07-04 05:52:31', '2020-07-04 05:52:31'),
(135, 114, 'Lenora Brekke', 'Eos repudiandae nemo deleniti voluptas. In odio et repudiandae. Voluptas illo id est labore ea ullam et.', 4, '2020-07-04 05:52:31', '2020-07-04 05:52:31'),
(136, 148, 'Jacklyn Zboncak', 'Rem dicta et sit corrupti et. Aliquid aliquam excepturi molestiae hic. Cum et excepturi saepe sunt fuga repudiandae dolorum vero.', 1, '2020-07-04 05:52:31', '2020-07-04 05:52:31'),
(137, 41, 'Harmony Bernhard', 'Et ea quia natus quisquam. Dolores porro qui quis molestiae ex. Voluptatibus fuga quis optio sit magnam at doloribus esse.', 2, '2020-07-04 05:52:31', '2020-07-04 05:52:31'),
(138, 60, 'Maye Von', 'Ducimus dolores nesciunt repellat dolores iusto minima et et. Exercitationem suscipit reiciendis dicta recusandae. Ut temporibus facere doloribus ullam dolore ut qui. Velit odio velit provident et.', 2, '2020-07-04 05:52:31', '2020-07-04 05:52:31'),
(139, 141, 'Michale Hegmann', 'Nihil voluptatem vero voluptas perspiciatis voluptatem autem iusto. Sunt mollitia ipsum odit quia rerum. Unde iste eum placeat numquam qui. Dolorum numquam repellendus eaque dicta praesentium aut esse. Possimus facilis perferendis quis voluptas sed nulla voluptatem et.', 4, '2020-07-04 05:52:31', '2020-07-04 05:52:31'),
(140, 77, 'Mr. Roy Waelchi', 'Molestiae et voluptatem eaque natus. Repellendus facilis repudiandae similique possimus unde necessitatibus. Esse dolorem deleniti omnis fugit consequuntur doloremque animi est. Ipsa quod magni enim et porro.', 1, '2020-07-04 05:52:31', '2020-07-04 05:52:31'),
(141, 1, 'Mrs. Tessie Witting PhD', 'Sit est ipsa sit temporibus quis et nihil. Sit et animi labore quia rerum id.', 4, '2020-07-04 05:52:31', '2020-07-04 05:52:31'),
(142, 44, 'Orie Kassulke', 'Repellendus officia provident repudiandae vitae distinctio voluptatem enim. Perspiciatis eos molestiae est et dolores officia error. Aut tenetur ipsam vel atque eaque.', 1, '2020-07-04 05:52:31', '2020-07-04 05:52:31'),
(143, 114, 'Prof. Laverna Beahan', 'Tempore autem incidunt quos consequatur. Dolores qui et ut repellendus explicabo voluptatem. Sit nihil sunt ipsa et. Veritatis reprehenderit nesciunt quam officiis.', 2, '2020-07-04 05:52:31', '2020-07-04 05:52:31'),
(144, 101, 'Danyka Carter Jr.', 'Deleniti qui expedita eius itaque. Sunt illo aut voluptatem est quae soluta. Dolores doloremque corrupti et quae officiis. Inventore architecto maiores quia.', 0, '2020-07-04 05:52:31', '2020-07-04 05:52:31'),
(145, 115, 'Jailyn Medhurst', 'Est ut non eligendi omnis. Temporibus odio sint error. Est eos voluptatem impedit ut ducimus quia et. Consectetur qui ea voluptatem eos qui unde.', 1, '2020-07-04 05:52:31', '2020-07-04 05:52:31'),
(146, 63, 'Fleta Walter', 'Praesentium ut consequatur commodi asperiores accusantium. Necessitatibus molestiae voluptas aut autem saepe esse. Recusandae quo atque officiis sit. Voluptatem voluptas est dolores nobis eum.', 0, '2020-07-04 05:52:31', '2020-07-04 05:52:31'),
(147, 36, 'Sylvia Vandervort', 'Ea labore minus itaque minus alias. Cumque quae dignissimos ullam sit sed. A sit eum eius aut molestiae pariatur molestiae.', 3, '2020-07-04 05:52:31', '2020-07-04 05:52:31'),
(148, 146, 'Genoveva Klein V', 'Alias repellendus accusamus accusamus et optio voluptatem quia. Accusamus sit id dicta error qui adipisci qui saepe. A est cumque in labore dolor voluptatem aspernatur.', 4, '2020-07-04 05:52:31', '2020-07-04 05:52:31'),
(149, 126, 'Felicita Marvin V', 'Velit perferendis sit harum corrupti. Ad voluptatibus autem qui rerum enim. Expedita debitis facilis est.', 1, '2020-07-04 05:52:31', '2020-07-04 05:52:31'),
(150, 66, 'Dr. Elsie Howell', 'Dolores id eum nisi. Quae hic neque sapiente quia voluptas modi. Expedita sint culpa voluptas. Pariatur eum unde aspernatur porro voluptatem voluptas qui dolor.', 4, '2020-07-04 05:52:31', '2020-07-04 05:52:31'),
(151, 71, 'Ms. Letitia Johnson V', 'Et ullam perferendis et. Numquam soluta officia iste atque animi dolores. Iste eum sed minima quo esse voluptatem omnis quod.', 3, '2020-07-04 05:52:31', '2020-07-04 05:52:31'),
(152, 43, 'Veda Nikolaus DVM', 'Dicta et ab suscipit ipsum est minima. Explicabo laboriosam est ut culpa expedita eos. Fugit odio corrupti sed velit voluptas est. Aliquam id est doloribus natus error.', 2, '2020-07-04 05:52:31', '2020-07-04 05:52:31'),
(153, 9, 'Torey Heller', 'Quaerat voluptas nisi accusantium provident enim quidem praesentium. Et reiciendis nesciunt asperiores sint. Ut ut qui et repellendus. Id odit laborum est vel.', 3, '2020-07-04 05:52:31', '2020-07-04 05:52:31'),
(154, 139, 'Hermina Balistreri', 'Qui est iure veniam illo delectus. A itaque nemo dolorem consequuntur cupiditate voluptas voluptatem. Numquam consequuntur quis qui rem hic perferendis rerum. Consectetur unde at doloremque eos similique voluptate quo rem.', 2, '2020-07-04 05:52:31', '2020-07-04 05:52:31'),
(155, 2, 'Rashawn Hoeger', 'Ab distinctio velit vel voluptatem. In voluptatibus aspernatur in magni. Cumque corporis animi laborum inventore harum.', 4, '2020-07-04 05:52:31', '2020-07-04 05:52:31'),
(156, 141, 'Dr. Flossie Jerde', 'Dolorum explicabo amet culpa adipisci commodi. Dolorum adipisci quis odit aliquid aspernatur ullam. Occaecati corporis porro qui doloremque sit.', 5, '2020-07-04 05:52:31', '2020-07-04 05:52:31'),
(157, 133, 'Dr. Hilario Hansen', 'Dignissimos iure qui esse pariatur. Deleniti quibusdam iste dignissimos nobis vitae eos. Dolore ea vitae officiis. Porro dicta porro cumque sunt autem.', 3, '2020-07-04 05:52:31', '2020-07-04 05:52:31'),
(158, 22, 'Clementine Kautzer', 'Fugiat voluptatem qui dolorum neque. Quam ipsam nobis qui sapiente non molestiae. Sequi necessitatibus totam nihil impedit.', 4, '2020-07-04 05:52:31', '2020-07-04 05:52:31'),
(159, 68, 'Moises Lemke', 'Provident eaque voluptas id autem magnam et error omnis. Quia tempora rerum adipisci nihil nobis excepturi quam. Similique neque expedita vero eum et velit necessitatibus.', 2, '2020-07-04 05:52:31', '2020-07-04 05:52:31'),
(160, 112, 'Reva Kovacek', 'Praesentium qui explicabo consequatur blanditiis et. Et molestias voluptatem temporibus enim. Possimus sed sit magnam impedit quaerat eos.', 3, '2020-07-04 05:52:31', '2020-07-04 05:52:31'),
(161, 58, 'Jessica Blick', 'Soluta animi neque cum commodi. Est dolores harum quae est. Architecto ratione ut illum quis eos aliquam.', 3, '2020-07-04 05:52:31', '2020-07-04 05:52:31'),
(162, 65, 'Zackary Hoppe', 'Odit mollitia quibusdam ratione magnam exercitationem quibusdam fugiat. Vitae itaque distinctio sunt ad molestias vel non sit. Nihil autem deserunt aut a. Saepe ipsum sint repellendus rerum libero asperiores optio.', 2, '2020-07-04 05:52:31', '2020-07-04 05:52:31'),
(163, 5, 'Aubree Quitzon', 'Nulla illum molestiae itaque quaerat excepturi natus voluptatibus. Rem in vero nostrum dolorem. Illo saepe similique corrupti consequatur quod.', 3, '2020-07-04 05:52:31', '2020-07-04 05:52:31'),
(164, 94, 'Mrs. Daphnee Murphy Jr.', 'Assumenda dignissimos dicta saepe consequatur ducimus id dolorem. Nemo modi necessitatibus commodi eius sunt id ut. Harum eaque est quod cum. Soluta magnam provident excepturi.', 2, '2020-07-04 05:52:31', '2020-07-04 05:52:31'),
(165, 51, 'Missouri Lebsack', 'Quia soluta et laudantium sint minus ipsum. Deleniti maiores minima aut debitis. Atque optio est quae voluptates. Reprehenderit consequatur autem vel et dolores.', 0, '2020-07-04 05:52:31', '2020-07-04 05:52:31'),
(166, 5, 'Deion Reichert', 'Libero error dolorem et ad impedit. Error est tempora mollitia nesciunt fuga amet. Dolorum quo dolor eaque quia aut vel ut error.', 2, '2020-07-04 05:52:31', '2020-07-04 05:52:31'),
(167, 96, 'Kathryne Trantow', 'Fuga quam dolore minima eveniet. In incidunt temporibus velit. Debitis laborum et commodi qui.', 3, '2020-07-04 05:52:31', '2020-07-04 05:52:31'),
(168, 78, 'Donna Deckow', 'Minima expedita et sapiente odio alias fuga magni. Facilis saepe enim sed. Alias est dicta aut autem.', 1, '2020-07-04 05:52:31', '2020-07-04 05:52:31'),
(169, 101, 'Mrs. Hilma Goyette Jr.', 'Aut ut aliquid rerum ut. Asperiores possimus quo maiores totam. Cum omnis officiis rem aut.', 0, '2020-07-04 05:52:31', '2020-07-04 05:52:31'),
(170, 128, 'Gabriella Fadel', 'Aut rerum nam quibusdam magni inventore. Dolorem placeat atque consequatur. Aut quasi tempore eum.', 5, '2020-07-04 05:52:31', '2020-07-04 05:52:31'),
(171, 3, 'Verla Kuhn', 'Harum accusantium et eum eos a. Voluptas quidem eum et. Sint explicabo dignissimos ipsum dolores harum repellendus.', 5, '2020-07-04 05:52:31', '2020-07-04 05:52:31'),
(172, 98, 'Abigail VonRueden', 'In fugit eum neque eligendi expedita cum. Est eos ducimus minus cupiditate. Qui qui est perspiciatis voluptate.', 2, '2020-07-04 05:52:31', '2020-07-04 05:52:31'),
(173, 145, 'Adrien Stracke MD', 'Cumque consequatur non dolores. Blanditiis eum ipsam suscipit maiores sit soluta sit. Praesentium id sint ullam perferendis amet aut.', 5, '2020-07-04 05:52:31', '2020-07-04 05:52:31'),
(174, 4, 'Gus Becker III', 'Consequatur quo in enim iste sit nemo. Ut sed repellendus ipsam aut voluptatem magni id. Sunt numquam quos et qui est distinctio similique.', 2, '2020-07-04 05:52:31', '2020-07-04 05:52:31'),
(175, 36, 'Roslyn Hodkiewicz V', 'Repudiandae a distinctio consequatur necessitatibus dolor consequuntur quaerat. Rerum non nulla laborum officiis doloribus eum hic enim. Sint quam et quia cumque sed nulla.', 5, '2020-07-04 05:52:31', '2020-07-04 05:52:31'),
(176, 9, 'Merritt Predovic', 'Rem ipsam voluptatem omnis ut vero cumque. Enim id quia ea. Magni blanditiis quo quia maiores cumque rerum.', 5, '2020-07-04 05:52:32', '2020-07-04 05:52:32'),
(177, 53, 'Sandy Klocko', 'Aliquid qui itaque nam minima. Maxime animi saepe ut. Voluptatem consequatur magnam nobis quidem quas corrupti soluta expedita.', 3, '2020-07-04 05:52:32', '2020-07-04 05:52:32'),
(178, 37, 'Freda Gleason IV', 'Aut culpa maxime similique dignissimos. Nisi eaque quibusdam doloremque unde nam voluptate. Est enim atque officiis pariatur quasi ut dolor.', 1, '2020-07-04 05:52:32', '2020-07-04 05:52:32'),
(179, 25, 'Lou Krajcik', 'Maiores blanditiis deleniti ut earum rerum. Ad enim ipsum voluptas perspiciatis a. Sit harum facilis cumque a est cum occaecati praesentium. Qui at iusto nesciunt veritatis.', 0, '2020-07-04 05:52:32', '2020-07-04 05:52:32'),
(180, 30, 'Miss Daisy Schaefer PhD', 'Dolor ea quaerat nostrum sint ratione quo. Earum sed dolorum laboriosam. Iure sunt quam modi voluptas quia nostrum sed. Maiores iste aut eius enim.', 2, '2020-07-04 05:52:32', '2020-07-04 05:52:32'),
(181, 83, 'Sandy Nader', 'Ipsam voluptatem aliquid magnam sit. Sit et illo expedita asperiores quia accusantium consequatur atque. Labore eum dolores itaque ut dolorum voluptatem quia et.', 5, '2020-07-04 05:52:32', '2020-07-04 05:52:32'),
(182, 87, 'Jaylon Larkin', 'Quam non est sed sunt dicta minima. Ad voluptatem autem magnam in quia. Vero quis veniam ipsa labore iusto recusandae. Sint saepe facilis alias qui adipisci. Repellat eos rerum facere sit eaque.', 2, '2020-07-04 05:52:32', '2020-07-04 05:52:32'),
(183, 80, 'William Goldner', 'Numquam deleniti debitis quo aliquid quaerat temporibus. Enim id eos suscipit et blanditiis nihil accusamus. Facere id fugit quaerat molestias. Ipsam accusantium molestiae qui officia et.', 3, '2020-07-04 05:52:32', '2020-07-04 05:52:32'),
(184, 60, 'Garnett Cruickshank', 'Delectus adipisci rerum veritatis omnis possimus. Molestiae quia quas repudiandae ut. Expedita enim hic nisi qui neque. Aspernatur recusandae ipsum quae qui quo reiciendis consequatur minus.', 2, '2020-07-04 05:52:32', '2020-07-04 05:52:32'),
(185, 70, 'Ms. Carley Legros', 'Voluptatibus et inventore suscipit dolores blanditiis sit corporis. Rerum aut ab cum qui omnis dolor veritatis. Est et sapiente amet esse ab. Laborum sit atque tempore itaque et.', 4, '2020-07-04 05:52:32', '2020-07-04 05:52:32'),
(186, 150, 'Keshawn Sporer', 'Officia hic aut tempore dolorem repudiandae. Ut et nulla sequi et et omnis libero. Est tenetur eum non quaerat sed modi cumque.', 2, '2020-07-04 05:52:32', '2020-07-04 05:52:32'),
(187, 142, 'Candace Bayer III', 'Sit nulla dolorem inventore ut id beatae. In et perferendis quibusdam deserunt. Beatae magnam voluptatem vel rem. Eius ea natus quod porro asperiores.', 5, '2020-07-04 05:52:32', '2020-07-04 05:52:32'),
(188, 74, 'Everette Nitzsche DVM', 'Sit aliquam alias vero eligendi minus est nihil. Aperiam saepe vel asperiores. Ducimus dolorum cum amet. Tempore animi eum commodi nostrum voluptates non et.', 3, '2020-07-04 05:52:32', '2020-07-04 05:52:32'),
(189, 4, 'Dr. Coby Heathcote', 'Dolores quia atque accusantium ut necessitatibus. Tempore culpa at dolor molestiae architecto cumque placeat deserunt. Id sint similique vel ipsam distinctio.', 0, '2020-07-04 05:52:32', '2020-07-04 05:52:32'),
(190, 114, 'Keyshawn Bartoletti', 'Dolorum dolore ad facere velit. Mollitia totam minima qui commodi. Tenetur iure deleniti facilis autem.', 0, '2020-07-04 05:52:32', '2020-07-04 05:52:32'),
(191, 65, 'Miss Mossie Schaefer', 'Neque reiciendis tenetur et. Laboriosam dolores porro soluta.', 0, '2020-07-04 05:52:32', '2020-07-04 05:52:32'),
(192, 128, 'Alf Schuster Sr.', 'Et eligendi suscipit ex dolorem ipsam autem accusamus. Magni quod cum eligendi ut minima. Eos qui provident voluptatem qui nobis cumque at. Quia cumque natus sequi autem et.', 3, '2020-07-04 05:52:32', '2020-07-04 05:52:32'),
(193, 131, 'Vaughn Schoen Sr.', 'Ullam nemo enim est sit. Quam omnis nisi voluptas veritatis tenetur.', 1, '2020-07-04 05:52:32', '2020-07-04 05:52:32'),
(194, 112, 'Joey Maggio', 'Qui dolores et dolor ut. Dignissimos sed repudiandae consequatur et id aliquam vel fugit. Non dolore voluptate non architecto. Assumenda molestiae ex et rem. Dicta sequi praesentium maxime eveniet minima amet eius.', 2, '2020-07-04 05:52:32', '2020-07-04 05:52:32'),
(195, 84, 'Neha Fahey', 'Nisi et aut beatae expedita atque iusto pariatur. Dolores ut sapiente officia saepe voluptatem. Nihil deleniti omnis ut modi earum enim. Minima cumque expedita inventore ut. Omnis quisquam unde odio.', 4, '2020-07-04 05:52:32', '2020-07-04 05:52:32'),
(196, 4, 'Ms. Nia Schinner', 'Mollitia nobis nisi consequuntur assumenda assumenda architecto. Atque dignissimos quae molestiae. Id amet exercitationem ab non delectus necessitatibus qui. Et neque vero repudiandae ut labore nesciunt neque.', 4, '2020-07-04 05:52:32', '2020-07-04 05:52:32'),
(197, 147, 'Cynthia Murray', 'Voluptates nostrum aut dolores vitae ex amet voluptatum sit. Quas aut porro omnis architecto. Expedita ut repellendus maiores doloribus.', 4, '2020-07-04 05:52:32', '2020-07-04 05:52:32'),
(198, 83, 'Prof. Monroe Lebsack III', 'Officia dolores ut non molestiae. Magni voluptatem dolor qui. Quaerat laboriosam quibusdam nesciunt numquam temporibus explicabo temporibus. Et vitae ea asperiores modi.', 4, '2020-07-04 05:52:32', '2020-07-04 05:52:32'),
(199, 136, 'Dr. Reyes Kohler', 'Et reiciendis voluptas voluptatem aut ut excepturi. Inventore aut earum rerum cum ut praesentium dolor. Et sapiente molestiae ex perspiciatis et. Vel nisi ducimus qui distinctio.', 5, '2020-07-04 05:52:32', '2020-07-04 05:52:32'),
(200, 118, 'Dr. Shawn Keeling', 'Accusantium voluptatibus placeat excepturi odit atque et rerum. Eos praesentium assumenda et id. Sit voluptatem ut et in sit. Quas cupiditate explicabo neque aut aliquam.', 5, '2020-07-04 05:52:32', '2020-07-04 05:52:32'),
(201, 106, 'Prof. Geoffrey Jacobson', 'Rerum quam maxime aut reiciendis aliquam. Consectetur nesciunt eum adipisci soluta ab illum nulla. Explicabo voluptate necessitatibus molestiae error est distinctio officia. Est ipsum minus earum.', 5, '2020-07-04 05:52:32', '2020-07-04 05:52:32'),
(202, 43, 'Dr. Alanna Williamson V', 'Quos veniam optio praesentium enim dolor aut optio. Debitis rerum iure amet et est ut. Sint necessitatibus corrupti blanditiis fugit.', 1, '2020-07-04 05:52:32', '2020-07-04 05:52:32'),
(203, 101, 'Mr. Bernhard Rempel', 'Eaque sint assumenda ut dolor. Quia qui ut qui architecto quae. Ipsam ut ut quo minus ipsam quam. Impedit aut expedita voluptatem reiciendis voluptas voluptatem.', 1, '2020-07-04 05:52:32', '2020-07-04 05:52:32'),
(204, 91, 'Prof. Chasity O\'Reilly', 'Velit necessitatibus et ut ab distinctio quae quia. Voluptas ut cumque quod. Eligendi aut recusandae in non. Nulla adipisci et veritatis id.', 2, '2020-07-04 05:52:32', '2020-07-04 05:52:32'),
(205, 48, 'Dr. Tito McGlynn III', 'Aut in et consequatur non optio consequuntur distinctio. Iste quia laboriosam suscipit dolorem pariatur aliquam qui autem. Magnam quia nam excepturi.', 2, '2020-07-04 05:52:32', '2020-07-04 05:52:32'),
(206, 77, 'Quinten Abbott', 'Dolorem consequuntur esse aut et. In ex voluptatem repellendus atque itaque mollitia et ratione. Optio corporis voluptate nam et.', 2, '2020-07-04 05:52:32', '2020-07-04 05:52:32'),
(207, 26, 'Ms. Kasey Ortiz DVM', 'Delectus atque amet est magnam eum rerum ad itaque. Officia consequatur aperiam consequatur beatae occaecati ratione. In ex amet ut quisquam quo dolorem.', 5, '2020-07-04 05:52:32', '2020-07-04 05:52:32'),
(208, 1, 'Prof. Geoffrey Schmeler MD', 'Alias est non tempore voluptatem distinctio enim asperiores. Eius quia atque doloribus nisi aut. Dolorum dolore aperiam maiores molestiae veniam. Sapiente consequatur est dolorum qui.', 0, '2020-07-04 05:52:32', '2020-07-04 05:52:32'),
(209, 111, 'Stanford Lehner', 'Delectus sed saepe ut praesentium quaerat. Vel beatae totam sit ea. Repudiandae omnis quos inventore perspiciatis modi facere.', 0, '2020-07-04 05:52:32', '2020-07-04 05:52:32'),
(210, 109, 'Nelle Bartoletti', 'Impedit consequatur in distinctio adipisci dolor minima ea. Cupiditate in tempore ut quam nesciunt. Exercitationem illo voluptatum quia non deserunt aliquam quidem. Et esse accusantium cupiditate animi neque architecto.', 0, '2020-07-04 05:52:32', '2020-07-04 05:52:32'),
(211, 26, 'Kimberly Rempel', 'Fuga totam porro quis quia eaque. Sint animi ipsa officia.', 0, '2020-07-04 05:52:32', '2020-07-04 05:52:32');
INSERT INTO `reviews` (`id`, `product_id`, `customer`, `review`, `star`, `created_at`, `updated_at`) VALUES
(212, 73, 'Bo Goldner', 'Molestiae perferendis laborum est qui perspiciatis. Laboriosam et similique enim nihil. Voluptas soluta alias et voluptatum. Tempore amet dolor dolorem iure eos corporis nihil maiores. Libero corrupti nihil architecto ut.', 5, '2020-07-04 05:52:32', '2020-07-04 05:52:32'),
(213, 136, 'Callie Hudson', 'Voluptatem tenetur fugit voluptatem nesciunt dolore ea. Culpa dolorem recusandae sed porro mollitia asperiores odio. Nihil voluptate enim enim porro maxime totam. Aut magnam corrupti ipsa dolorem cumque fugiat quibusdam.', 3, '2020-07-04 05:52:32', '2020-07-04 05:52:32'),
(214, 124, 'Tierra Gutkowski', 'Accusantium qui aut illo dolor consectetur accusamus hic. Sint ea cumque in molestiae et voluptatibus consequuntur. Blanditiis voluptatem repellat nihil.', 3, '2020-07-04 05:52:32', '2020-07-04 05:52:32'),
(215, 101, 'Annabel Wilderman', 'Aliquam quia ut doloremque corrupti enim. Quaerat quia nesciunt aut et quod aut ut. Sint ut commodi repellendus molestiae rerum sequi consequuntur. Sint voluptatem earum beatae nihil tempora corporis tenetur.', 1, '2020-07-04 05:52:32', '2020-07-04 05:52:32'),
(216, 28, 'Cesar Raynor', 'Rerum quod aut aliquam dignissimos dolorem odio itaque rerum. Eius nemo iste omnis error dolorem. Consectetur provident blanditiis quia voluptatem. Iste et aspernatur impedit voluptatibus laborum.', 0, '2020-07-04 05:52:32', '2020-07-04 05:52:32'),
(217, 34, 'Ricardo Stroman', 'Nisi eligendi dolor sit voluptatem est et. Et voluptatem rerum rerum aut. Alias laudantium voluptatum dolorum voluptate. In eum aliquid et eum molestiae similique minima.', 0, '2020-07-04 05:52:32', '2020-07-04 05:52:32'),
(218, 94, 'Liza Steuber', 'Sit architecto et recusandae non ut. Ducimus culpa ab et rerum aut minus ut. Recusandae consequuntur non molestiae id et et.', 1, '2020-07-04 05:52:32', '2020-07-04 05:52:32'),
(219, 89, 'Melisa Wunsch', 'Voluptatibus laborum consequatur deserunt dolorem consectetur eaque ea enim. Laborum dolor odit inventore rerum. Quasi ullam aliquam maxime tempora.', 2, '2020-07-04 05:52:32', '2020-07-04 05:52:32'),
(220, 79, 'Brent Baumbach', 'Dignissimos quod mollitia architecto cupiditate et. Quia dolorum ad consequatur consequatur in repudiandae officiis esse. Aut iusto ut molestiae ut. Doloribus suscipit quo corporis dignissimos aut maiores iusto.', 5, '2020-07-04 05:52:32', '2020-07-04 05:52:32'),
(221, 138, 'Dr. Alessandro Walker DVM', 'Sed in sunt ut rerum fuga. Quos ea voluptatem assumenda quia et. Nisi et molestias sed blanditiis ipsa sequi vitae.', 3, '2020-07-04 05:52:32', '2020-07-04 05:52:32'),
(222, 95, 'Waylon Jerde', 'Mollitia aut occaecati quaerat nesciunt nihil. Nam aut quos et iusto nihil.', 2, '2020-07-04 05:52:32', '2020-07-04 05:52:32'),
(223, 131, 'Lola Beahan', 'Voluptatibus omnis ab nihil. Vel eaque neque maiores quos.', 5, '2020-07-04 05:52:32', '2020-07-04 05:52:32'),
(224, 81, 'Wiley Senger', 'Nesciunt dolor numquam libero molestiae rerum. Itaque dolores dolores magnam quos delectus suscipit veniam. Quia id ad rerum ea quas. Reprehenderit adipisci in eos aperiam.', 0, '2020-07-04 05:52:32', '2020-07-04 05:52:32'),
(225, 29, 'Miss Flo Zemlak', 'Atque aut magnam cupiditate ipsam. Eum nihil et quibusdam id. Quo et laboriosam accusamus autem et omnis.', 5, '2020-07-04 05:52:32', '2020-07-04 05:52:32'),
(226, 46, 'Alessandro Murphy', 'Qui quam et deleniti rerum laborum magnam. Nemo voluptatem et ea labore ea est. Rerum nihil nesciunt animi excepturi aut ratione. Fuga repellat natus est beatae dolor id.', 5, '2020-07-04 05:52:32', '2020-07-04 05:52:32'),
(227, 73, 'Mrs. Mozelle Rolfson', 'Enim pariatur temporibus quae beatae veritatis veritatis iure. Doloremque autem in est temporibus eveniet et in nam.', 1, '2020-07-04 05:52:32', '2020-07-04 05:52:32'),
(228, 144, 'Prof. Allen Lang', 'Dolorem perferendis sit amet aut tempore sapiente. Sint molestiae quos dicta aut consequuntur omnis. Illum nihil maxime id dolor qui minus reiciendis. Optio dolor ratione quis quo saepe ipsam dolores.', 0, '2020-07-04 05:52:32', '2020-07-04 05:52:32'),
(229, 101, 'Sammy Will DDS', 'Reiciendis consequatur qui sint repudiandae qui animi dolorum. Corrupti expedita et consequuntur nam quaerat. Quia in culpa ut ipsum ad tempore architecto eum.', 5, '2020-07-04 05:52:32', '2020-07-04 05:52:32'),
(230, 1, 'Francisco Lueilwitz II', 'Ut modi qui fuga doloribus. In et porro dolores nostrum illo. Quidem enim praesentium nesciunt voluptatem.', 1, '2020-07-04 05:52:32', '2020-07-04 05:52:32'),
(231, 49, 'Fernando Wolf', 'Fuga ea dolor ad accusantium accusamus debitis. Dolorem consequatur odio autem minus ipsum pariatur. Optio deserunt harum cumque vel facere animi. Inventore qui rerum illo.', 2, '2020-07-04 05:52:32', '2020-07-04 05:52:32'),
(232, 134, 'Xander Rolfson', 'Quo eligendi provident quia necessitatibus iusto quis fuga et. Quidem nihil excepturi autem. Et nobis modi unde atque cumque illo. Facilis ipsa amet debitis sit fugiat.', 2, '2020-07-04 05:52:32', '2020-07-04 05:52:32'),
(233, 120, 'Marley Green', 'Perferendis sunt illo autem perspiciatis est. Ut quaerat nostrum aut hic sed vitae. Sunt quisquam et aperiam ipsa animi est ut. Voluptatem et omnis est quam iure.', 3, '2020-07-04 05:52:32', '2020-07-04 05:52:32'),
(234, 143, 'Wendell Tillman', 'Corporis quas nisi perspiciatis quia et vel. Voluptas error aliquam possimus eligendi explicabo inventore. Vel quasi aliquid voluptatem eligendi.', 2, '2020-07-04 05:52:32', '2020-07-04 05:52:32'),
(235, 81, 'Mr. Albin Zulauf', 'Velit ducimus repudiandae non rerum. Quis vel repellendus accusantium accusantium. Omnis dicta eum excepturi delectus ea. Nisi ad ab velit itaque provident error.', 0, '2020-07-04 05:52:32', '2020-07-04 05:52:32'),
(236, 6, 'Destiney Ankunding', 'Velit eligendi qui velit. Eligendi exercitationem totam quis vel. Omnis nostrum in ex. Sit delectus culpa eum saepe reprehenderit.', 0, '2020-07-04 05:52:32', '2020-07-04 05:52:32'),
(237, 54, 'Sylvester Kilback', 'Veniam est illo omnis. At recusandae eius et. Tempore quia ducimus deleniti. Dicta praesentium reprehenderit qui quasi.', 1, '2020-07-04 05:52:32', '2020-07-04 05:52:32'),
(238, 52, 'Hilda Gulgowski', 'Cum et sit consequuntur eius perspiciatis quia. Eius et ad corrupti doloribus ut aut. Iusto non perferendis dolores amet recusandae provident.', 0, '2020-07-04 05:52:32', '2020-07-04 05:52:32'),
(239, 64, 'Mikel O\'Conner', 'Omnis asperiores ipsum et. Corporis quia est fugit fugiat tempora qui reiciendis reprehenderit. Quis qui quisquam rerum sunt voluptatem. Placeat similique est ipsa pariatur pariatur neque. Autem ut pariatur omnis reprehenderit nesciunt sunt eius.', 1, '2020-07-04 05:52:32', '2020-07-04 05:52:32'),
(240, 59, 'Jessica Kuhlman', 'Atque sit quaerat sint quas harum ipsam provident. Veritatis dicta minima veniam. Cupiditate magnam illum minus et. Rem eum illo rerum voluptatibus impedit ratione. Rem consequatur aut autem tempora quas quia.', 4, '2020-07-04 05:52:32', '2020-07-04 05:52:32'),
(241, 77, 'Dr. Humberto Yundt', 'Odio et aperiam voluptatem ipsam. Omnis quia aut vero molestiae rerum voluptatem. Adipisci tempora eum cum et in. Sunt est aliquid qui esse natus quis aut.', 0, '2020-07-04 05:52:32', '2020-07-04 05:52:32'),
(242, 59, 'Dr. Maudie Schmitt', 'Sunt minus nulla facere et dolorem eos. Placeat ab architecto repellendus enim aspernatur omnis.', 5, '2020-07-04 05:52:32', '2020-07-04 05:52:32'),
(243, 1, 'Dorris Daniel', 'Eos rerum nulla totam explicabo voluptatum ut et distinctio. Enim aliquid vero optio repellendus illo. Qui et quo doloribus fugiat. Sunt perspiciatis unde nemo ducimus numquam sit.', 1, '2020-07-04 05:52:32', '2020-07-04 05:52:32'),
(244, 140, 'Gladys Jacobi', 'Est quia et culpa excepturi qui non. Et ullam provident sint voluptas sit quod. Sapiente in sunt sunt. Nobis qui quasi fugit aut eum repellendus ut.', 5, '2020-07-04 05:52:32', '2020-07-04 05:52:32'),
(245, 109, 'Dr. Dillon Welch', 'Pariatur placeat consectetur quia fugit rerum eos sit. Quibusdam quia fugit voluptas aliquid. Aut qui alias sint officia eligendi. Id labore sit voluptas.', 1, '2020-07-04 05:52:32', '2020-07-04 05:52:32'),
(246, 37, 'Ulises Dach', 'Voluptatem et aut recusandae aliquid accusamus. Tempore et alias distinctio amet voluptate. Est omnis fugit et labore sequi. Molestiae distinctio ipsam sequi et saepe aut.', 4, '2020-07-04 05:52:32', '2020-07-04 05:52:32'),
(247, 111, 'Granville Kemmer', 'Eaque modi ut debitis optio ad consequatur velit. Eos numquam explicabo nam eos nostrum corporis iusto voluptas. Aliquam eveniet at recusandae nihil exercitationem.', 5, '2020-07-04 05:52:32', '2020-07-04 05:52:32'),
(248, 129, 'Dr. Jaida Bosco PhD', 'Aut labore mollitia aut officiis sit illum quae. Consequatur iusto eius aspernatur quis.', 1, '2020-07-04 05:52:32', '2020-07-04 05:52:32'),
(249, 89, 'Nathanial Ward', 'Dicta quia fugiat facilis. Modi quibusdam autem a illum. Eligendi delectus iste iure.', 0, '2020-07-04 05:52:32', '2020-07-04 05:52:32'),
(250, 109, 'Adolph Watsica', 'Et rem aut sed dignissimos in officia enim qui. Voluptas veritatis ut minus quo quo aliquid. Totam explicabo maiores quos.', 3, '2020-07-04 05:52:32', '2020-07-04 05:52:32'),
(251, 18, 'Miss Estell Cummerata Jr.', 'Delectus veniam tenetur officia harum veniam. Rerum tenetur esse officiis quia. Beatae atque aspernatur recusandae alias. Ducimus inventore nostrum aperiam quia ducimus et.', 1, '2020-07-04 05:52:32', '2020-07-04 05:52:32'),
(252, 132, 'Dr. Lexie Runte DDS', 'Ut enim error eos voluptas. A dolorem eos doloremque eligendi. Inventore placeat facere voluptates cupiditate. Labore ipsum voluptates exercitationem nemo velit.', 1, '2020-07-04 05:52:32', '2020-07-04 05:52:32'),
(253, 117, 'Freddie Swift', 'Sit in vitae alias amet. Omnis et debitis omnis quis. Quas facere dolorem illo nihil.', 0, '2020-07-04 05:52:32', '2020-07-04 05:52:32'),
(254, 51, 'Adriana Leffler', 'Perferendis unde ut exercitationem tempore sit. Nam similique nihil quam iusto est ullam. Quaerat vitae ratione quas repellat quis dolores magni. Aut assumenda et adipisci suscipit enim itaque.', 0, '2020-07-04 05:52:32', '2020-07-04 05:52:32'),
(255, 50, 'Miss Vernie Graham II', 'Et voluptates quia officia quia in et voluptatum. Eos omnis omnis id totam nobis ullam laborum. Eum est deleniti eum sit repellendus provident. Delectus tempore et quis perferendis. Ut id excepturi voluptatem nihil.', 5, '2020-07-04 05:52:32', '2020-07-04 05:52:32'),
(256, 116, 'Miss Ilene Senger', 'Neque blanditiis sed earum facere sint. Possimus voluptatem quia voluptas odio maxime praesentium aut maxime. Sit et deleniti laborum illo laudantium commodi. Iure reiciendis omnis sed. Iste ex praesentium officia enim hic aperiam.', 1, '2020-07-04 05:52:32', '2020-07-04 05:52:32'),
(257, 120, 'Mr. Clair Torphy Jr.', 'Sunt officiis minus dolores consequatur eaque iste provident voluptatem. Voluptatem natus sunt dolore vero voluptatem. Expedita vel vel atque et dolorum. Dolor cupiditate voluptas dolor quam aut.', 2, '2020-07-04 05:52:32', '2020-07-04 05:52:32'),
(258, 112, 'Miss Elsa Douglas I', 'Ut placeat corrupti quibusdam quis eius. Distinctio eveniet rerum est ut dolorem provident. Sint quia officia totam dolorem deleniti dolore et.', 4, '2020-07-04 05:52:32', '2020-07-04 05:52:32'),
(259, 40, 'Dr. Timmothy Will PhD', 'Ea doloribus amet aut voluptatibus. Earum corporis doloribus sit rerum et et in impedit. Recusandae veniam in id repellendus. Molestias id consectetur voluptatum quia aut molestiae.', 4, '2020-07-04 05:52:32', '2020-07-04 05:52:32'),
(260, 105, 'Americo Will PhD', 'A qui non doloribus deserunt. Quia temporibus officiis amet aliquam velit quia consequuntur sunt.', 3, '2020-07-04 05:52:32', '2020-07-04 05:52:32'),
(261, 29, 'Marlene Douglas MD', 'Beatae ea qui illum ipsa accusantium ducimus. Non non atque natus. Esse minus tempora velit explicabo. Laborum ut ipsa voluptas sed qui enim.', 1, '2020-07-04 05:52:32', '2020-07-04 05:52:32'),
(262, 79, 'Dr. Jarrod Kassulke IV', 'Repellat qui et quasi facilis omnis est quibusdam. Sint unde ut rerum omnis aut et ipsum.', 0, '2020-07-04 05:52:32', '2020-07-04 05:52:32'),
(263, 29, 'Prof. Nigel Murphy', 'Sint et omnis voluptatum eius reiciendis. At commodi quo molestiae velit. Perferendis qui dolorum et id earum consequuntur velit.', 1, '2020-07-04 05:52:32', '2020-07-04 05:52:32'),
(264, 19, 'Prof. Guillermo Bartell Sr.', 'Reprehenderit voluptatem quis quia molestias sed. Saepe ratione quisquam et. Quo harum minima id iste porro facilis consequuntur.', 4, '2020-07-04 05:52:32', '2020-07-04 05:52:32'),
(265, 13, 'Royal Beahan', 'Ipsam dolor eaque quia quisquam deserunt sapiente. Ut minus quibusdam aut praesentium. Vel impedit veritatis vitae.', 3, '2020-07-04 05:52:32', '2020-07-04 05:52:32'),
(266, 35, 'Destin Cartwright', 'Consequatur est illum quaerat maxime adipisci. Doloremque voluptate perferendis at ea dolore sequi. Nihil voluptas nostrum dolores sunt sapiente. Vel rerum accusantium voluptas qui.', 4, '2020-07-04 05:52:32', '2020-07-04 05:52:32'),
(267, 38, 'Margaret Jakubowski', 'Voluptas corrupti dolore qui alias labore expedita. Voluptatem temporibus fugiat autem consequatur magnam est sunt. Aut rem nihil quos dolores qui recusandae ab blanditiis. Nulla officiis beatae qui dolores consequatur dolorem.', 1, '2020-07-04 05:52:32', '2020-07-04 05:52:32'),
(268, 65, 'Rose Rau', 'Repudiandae numquam asperiores consectetur ea repellat. Tenetur natus quaerat non est eligendi maiores inventore. Omnis facilis sed quia.', 5, '2020-07-04 05:52:32', '2020-07-04 05:52:32'),
(269, 140, 'Mr. William O\'Connell III', 'Ex voluptatem facere adipisci velit minus suscipit reiciendis. Velit veniam aut aliquid nisi alias. Unde voluptatem aut esse sint. Sapiente in fugiat porro voluptatem ea natus et. Cumque enim corporis deserunt aut reprehenderit quos.', 2, '2020-07-04 05:52:32', '2020-07-04 05:52:32'),
(270, 141, 'Dr. Abe Legros', 'Neque voluptatem dolores vel officia animi aut eaque. Recusandae a tempora molestiae numquam quia ipsum qui. Nisi assumenda ea et alias aliquid sapiente adipisci. Repellat qui occaecati est magni veritatis ad quae.', 0, '2020-07-04 05:52:32', '2020-07-04 05:52:32'),
(271, 133, 'Bryce Haley', 'Dolore amet architecto illum doloremque labore. Sint non voluptas et sit voluptas sunt reprehenderit. Animi laboriosam est veritatis rerum ullam omnis.', 3, '2020-07-04 05:52:32', '2020-07-04 05:52:32'),
(272, 9, 'Fabian Lynch', 'Ut ad alias possimus mollitia alias. Consequatur sint rerum non eligendi. Deleniti mollitia nulla esse dolor.', 1, '2020-07-04 05:52:32', '2020-07-04 05:52:32'),
(273, 6, 'Ms. Corine Feeney', 'Est vel aliquam aliquid. Autem at eius officiis. Voluptatem velit eveniet aut laudantium atque iure earum.', 4, '2020-07-04 05:52:32', '2020-07-04 05:52:32'),
(274, 129, 'Theresia Morissette', 'Non commodi temporibus et. Unde inventore quos neque ea. Alias ut dolorem nostrum sapiente reprehenderit. Reiciendis qui voluptas soluta nostrum aut. Similique amet incidunt sapiente.', 4, '2020-07-04 05:52:32', '2020-07-04 05:52:32'),
(275, 68, 'Alisha Effertz', 'Dolores asperiores saepe quasi. Quod quod consequatur in. Minus officia aliquam repellendus iure voluptas. Quis natus accusantium veritatis deserunt illo autem explicabo.', 4, '2020-07-04 05:52:32', '2020-07-04 05:52:32'),
(276, 42, 'Jazmyne Eichmann', 'Reiciendis neque quos est sunt sint. Omnis facere adipisci omnis non autem.', 5, '2020-07-04 05:52:32', '2020-07-04 05:52:32'),
(277, 84, 'Heaven Mertz PhD', 'Delectus alias laboriosam ut saepe. Quia excepturi corrupti quia nisi consequuntur. Natus non eveniet numquam laboriosam et.', 4, '2020-07-04 05:52:32', '2020-07-04 05:52:32'),
(278, 14, 'Lavern Quigley', 'In facere iure totam in qui. Consectetur aut dolorem aliquid totam autem qui. Temporibus et qui adipisci quisquam exercitationem necessitatibus nostrum.', 4, '2020-07-04 05:52:32', '2020-07-04 05:52:32'),
(279, 10, 'Johnathon Emmerich', 'Cumque earum illum est exercitationem odio. Aut qui omnis velit quaerat facere totam nostrum. At autem tempore rerum qui. Fuga quia quasi quia veritatis.', 1, '2020-07-04 05:52:32', '2020-07-04 05:52:32'),
(280, 52, 'Guiseppe Boehm Sr.', 'Et commodi non qui nisi dolorem. Nihil voluptatem quam nemo sit vel. Quia distinctio unde consequatur rem vel aliquam aut et. Beatae et ut veniam. Explicabo velit veritatis nesciunt dolorem maiores.', 5, '2020-07-04 05:52:32', '2020-07-04 05:52:32'),
(281, 89, 'Mr. Blaise Daniel', 'Id qui sed similique animi laudantium dolore ullam ut. Qui occaecati laudantium amet. Tenetur tenetur id omnis sint rerum. Eos suscipit culpa facilis ut pariatur aut ut.', 2, '2020-07-04 05:52:32', '2020-07-04 05:52:32'),
(282, 91, 'Prof. Eliezer Kuvalis III', 'Reprehenderit et sit enim. Quam dolor hic consequatur reprehenderit doloremque porro. Nihil facilis qui assumenda distinctio ratione ea nihil. Itaque voluptatem ea fuga nobis enim nihil.', 2, '2020-07-04 05:52:32', '2020-07-04 05:52:32'),
(283, 70, 'Mariane Bernhard', 'Sit voluptatibus nihil fugiat occaecati blanditiis aut labore. Occaecati ullam tempore esse quia corrupti deleniti animi. Non nam animi nobis dolor eum qui quos. Dolore reprehenderit molestiae soluta quod autem neque voluptatum. Cum corrupti aut voluptas iure.', 4, '2020-07-04 05:52:32', '2020-07-04 05:52:32'),
(284, 136, 'Dr. Godfrey Runte', 'Natus nulla distinctio ea adipisci. Sed excepturi temporibus non laborum sint. Porro atque mollitia ut rerum et blanditiis molestiae.', 4, '2020-07-04 05:52:32', '2020-07-04 05:52:32'),
(285, 38, 'Lue Tremblay', 'Dolore commodi voluptate alias quaerat. Ullam id qui fuga porro nostrum doloribus sunt. Eum quia minus aut est vitae quaerat sed. Est vitae sunt omnis vero eaque a.', 3, '2020-07-04 05:52:32', '2020-07-04 05:52:32'),
(286, 59, 'Ms. Kari Brown II', 'Ut ipsa aliquam culpa qui at error. Est enim totam laudantium totam quod eos. Inventore atque asperiores incidunt assumenda sit. Consequatur eius maiores sapiente ullam error aliquid.', 5, '2020-07-04 05:52:32', '2020-07-04 05:52:32'),
(287, 114, 'Dr. Frank Harvey', 'Excepturi optio aut quibusdam. Id incidunt aperiam inventore ut nobis eos doloremque illo. Facere quis possimus sint vel facilis exercitationem.', 5, '2020-07-04 05:52:32', '2020-07-04 05:52:32'),
(288, 40, 'Jeanne Kling', 'Eaque voluptas et et ducimus. Qui dolorum ut id harum. Fugiat debitis numquam corporis rerum sapiente sit. Molestias repudiandae atque qui commodi. Eligendi et blanditiis debitis dolor harum qui non.', 2, '2020-07-04 05:52:32', '2020-07-04 05:52:32'),
(289, 56, 'Floyd Purdy', 'Voluptate vitae occaecati repudiandae in nostrum quis ut. Sed quis corporis cupiditate aut ut dolor. Est est rerum odio veritatis quia est nobis recusandae. Ut aliquam sed sequi.', 5, '2020-07-04 05:52:32', '2020-07-04 05:52:32'),
(290, 7, 'Mina Schuster', 'Corporis itaque voluptas quis voluptatibus dolor sequi eaque voluptatibus. Ut explicabo eum fugit inventore facilis officia voluptas ut. Est non incidunt repellendus cumque molestiae. Reprehenderit fugiat aliquid in.', 1, '2020-07-04 05:52:32', '2020-07-04 05:52:32'),
(291, 118, 'Leland Feil', 'Tenetur rerum odit deleniti. Dolor nobis ut sint quod quo labore. Quia tempore consequuntur qui occaecati iure dolores perferendis praesentium.', 3, '2020-07-04 05:52:32', '2020-07-04 05:52:32'),
(292, 124, 'Reagan Skiles', 'Aut eum ut debitis dolorem. Quia culpa maiores eos est qui earum. Odit est dolore fugit deleniti vel fugiat alias.', 5, '2020-07-04 05:52:32', '2020-07-04 05:52:32'),
(293, 109, 'Noemie Hermiston', 'Sint repudiandae ratione temporibus harum totam vitae porro fugit. Nihil illum ut et. Quod consectetur iure voluptas eaque quia.', 4, '2020-07-04 05:52:32', '2020-07-04 05:52:32'),
(294, 118, 'Dr. Ciara Kling Sr.', 'Porro unde quo cupiditate fuga consequatur quae numquam. Aut qui blanditiis voluptatum tempora fugiat. Deleniti dolorem aut cupiditate quia aut. Eius et qui et officia similique assumenda quae.', 2, '2020-07-04 05:52:32', '2020-07-04 05:52:32'),
(295, 34, 'Mr. Sylvester Marks DDS', 'Accusamus et et iusto dolor quidem magni culpa odit. Mollitia tenetur doloremque aliquid facere. Eos quia odio at non officia. Laborum nisi rem voluptatem illo voluptatem tenetur fugiat.', 5, '2020-07-04 05:52:32', '2020-07-04 05:52:32'),
(296, 3, 'Quincy O\'Keefe', 'Minima et optio minima voluptates perferendis. Laudantium eos esse aspernatur illum magni possimus mollitia. Ullam deleniti earum fuga iusto. Autem aut similique amet eligendi suscipit.', 4, '2020-07-04 05:52:32', '2020-07-04 05:52:32'),
(297, 59, 'Raheem Schmitt MD', 'Consequatur in dolor reiciendis dolorum vero rerum et. Maxime inventore laboriosam sint tempore non corporis. Nisi et non possimus.', 5, '2020-07-04 05:52:32', '2020-07-04 05:52:32'),
(298, 31, 'Angus Bashirian', 'Reprehenderit odit tempora iste aut. Rerum dolorem ex voluptas quia. Dolorum molestias aliquam non nam magnam. Qui autem aut eum vitae quidem iure dolorem.', 1, '2020-07-04 05:52:32', '2020-07-04 05:52:32'),
(299, 130, 'Bobbie Lockman', 'Ullam sapiente qui similique et perspiciatis maiores aut cupiditate. Dolorum culpa culpa aut quia enim.', 2, '2020-07-04 05:52:32', '2020-07-04 05:52:32'),
(300, 139, 'Serena Mayert', 'Iste consequuntur totam sit nisi dolor necessitatibus. Culpa facilis provident voluptate. Maxime eius ipsum fugiat voluptatum ea quia. Sit ut nostrum non quo hic omnis distinctio. Impedit at totam doloribus dicta impedit.', 2, '2020-07-04 05:52:32', '2020-07-04 05:52:32');

-- --------------------------------------------------------

--
-- Estructura de tabla para la tabla `users`
--

CREATE TABLE `users` (
  `id` bigint(20) UNSIGNED NOT NULL,
  `name` varchar(255) COLLATE utf8mb4_unicode_ci NOT NULL,
  `email` varchar(255) COLLATE utf8mb4_unicode_ci NOT NULL,
  `email_verified_at` timestamp NULL DEFAULT NULL,
  `password` varchar(255) COLLATE utf8mb4_unicode_ci NOT NULL,
  `remember_token` varchar(100) COLLATE utf8mb4_unicode_ci DEFAULT NULL,
  `created_at` timestamp NULL DEFAULT NULL,
  `updated_at` timestamp NULL DEFAULT NULL
) ENGINE=InnoDB DEFAULT CHARSET=utf8mb4 COLLATE=utf8mb4_unicode_ci;

--
-- Índices para tablas volcadas
--

--
-- Indices de la tabla `failed_jobs`
--
ALTER TABLE `failed_jobs`
  ADD PRIMARY KEY (`id`);

--
-- Indices de la tabla `migrations`
--
ALTER TABLE `migrations`
  ADD PRIMARY KEY (`id`);

--
-- Indices de la tabla `password_resets`
--
ALTER TABLE `password_resets`
  ADD KEY `password_resets_email_index` (`email`);

--
-- Indices de la tabla `products`
--
ALTER TABLE `products`
  ADD PRIMARY KEY (`id`);

--
-- Indices de la tabla `reviews`
--
ALTER TABLE `reviews`
  ADD PRIMARY KEY (`id`),
  ADD KEY `reviews_product_id_index` (`product_id`);

--
-- Indices de la tabla `users`
--
ALTER TABLE `users`
  ADD PRIMARY KEY (`id`),
  ADD UNIQUE KEY `users_email_unique` (`email`);

--
-- AUTO_INCREMENT de las tablas volcadas
--

--
-- AUTO_INCREMENT de la tabla `failed_jobs`
--
ALTER TABLE `failed_jobs`
  MODIFY `id` bigint(20) UNSIGNED NOT NULL AUTO_INCREMENT;

--
-- AUTO_INCREMENT de la tabla `migrations`
--
ALTER TABLE `migrations`
  MODIFY `id` int(10) UNSIGNED NOT NULL AUTO_INCREMENT, AUTO_INCREMENT=6;

--
-- AUTO_INCREMENT de la tabla `products`
--
ALTER TABLE `products`
  MODIFY `id` int(10) UNSIGNED NOT NULL AUTO_INCREMENT, AUTO_INCREMENT=151;

--
-- AUTO_INCREMENT de la tabla `reviews`
--
ALTER TABLE `reviews`
  MODIFY `id` bigint(20) UNSIGNED NOT NULL AUTO_INCREMENT, AUTO_INCREMENT=301;

--
-- AUTO_INCREMENT de la tabla `users`
--
ALTER TABLE `users`
  MODIFY `id` bigint(20) UNSIGNED NOT NULL AUTO_INCREMENT;

--
-- Restricciones para tablas volcadas
--

--
-- Filtros para la tabla `reviews`
--
ALTER TABLE `reviews`
  ADD CONSTRAINT `reviews_product_id_foreign` FOREIGN KEY (`product_id`) REFERENCES `products` (`id`) ON DELETE CASCADE;
COMMIT;

/*!40101 SET CHARACTER_SET_CLIENT=@OLD_CHARACTER_SET_CLIENT */;
/*!40101 SET CHARACTER_SET_RESULTS=@OLD_CHARACTER_SET_RESULTS */;
/*!40101 SET COLLATION_CONNECTION=@OLD_COLLATION_CONNECTION */;
